/root/workspace/UIE/datasets/UIEB_Dataset/821_img_.png,FUSION2,0.4464,1.3297,7.8845
/root/workspace/UIE/datasets/UIEB_Dataset/692_img_.png,FUSION2,0.4368,0.9816,7.5473
/root/workspace/UIE/datasets/UIEB_Dataset/364_img_.png,FUSION2,0.429,0.1679,7.181
/root/workspace/UIE/datasets/UIEB_Dataset/890_img_.png,FUSION2,0.4527,1.4379,7.8666
/root/workspace/UIE/datasets/UIEB_Dataset/646_img_.png,FUSION2,0.4335,1.3133,7.7591
/root/workspace/UIE/datasets/UIEB_Dataset/918_img_.png,FUSION2,0.4593,1.1898,7.4077
/root/workspace/UIE/datasets/UIEB_Dataset/152_img_.png,FUSION2,0.4394,1.4912,7.7955
/root/workspace/UIE/datasets/UIEB_Dataset/3015.png,FUSION2,0.4458,0.999,7.5678
/root/workspace/UIE/datasets/UIEB_Dataset/587_img_.png,FUSION2,0.4369,1.5843,7.8697
/root/workspace/UIE/datasets/UIEB_Dataset/817_img_.png,FUSION2,0.461,1.6896,7.8906
/root/workspace/UIE/datasets/UIEB_Dataset/1660.png,FUSION2,0.4467,1.2866,7.7367
/root/workspace/UIE/datasets/UIEB_Dataset/9907.png,FUSION2,0.4638,0.7707,7.5531
/root/workspace/UIE/datasets/UIEB_Dataset/26_img_.png,FUSION2,0.4023,1.2244,7.7397
/root/workspace/UIE/datasets/UIEB_Dataset/621_img_.png,FUSION2,0.4211,0.9289,7.4453
/root/workspace/UIE/datasets/UIEB_Dataset/211_img_.png,FUSION2,0.4465,1.3597,7.8567
/root/workspace/UIE/datasets/UIEB_Dataset/913_img_.png,FUSION2,0.4458,1.0312,7.6138
/root/workspace/UIE/datasets/UIEB_Dataset/776_img_.png,FUSION2,0.4334,1.6832,7.6708
/root/workspace/UIE/datasets/UIEB_Dataset/3650.png,FUSION2,0.4618,0.8188,7.8365
/root/workspace/UIE/datasets/UIEB_Dataset/206_img_.png,FUSION2,0.4378,1.45,7.8671
/root/workspace/UIE/datasets/UIEB_Dataset/267_img_.png,FUSION2,0.4486,1.261,7.878
/root/workspace/UIE/datasets/UIEB_Dataset/3196.png,FUSION2,0.4403,1.3735,7.6905
/root/workspace/UIE/datasets/UIEB_Dataset/254_img_.png,FUSION2,0.4508,1.0918,7.9407
/root/workspace/UIE/datasets/UIEB_Dataset/59_img_.png,FUSION2,0.4513,1.2596,7.8268
/root/workspace/UIE/datasets/UIEB_Dataset/246_img_.png,FUSION2,0.4226,1.1942,7.4962
/root/workspace/UIE/datasets/UIEB_Dataset/699_img_.png,FUSION2,0.4418,1.2323,7.7527
/root/workspace/UIE/datasets/UIEB_Dataset/386_img_.png,FUSION2,0.4548,1.6904,7.9253
/root/workspace/UIE/datasets/UIEB_Dataset/318_img_.png,FUSION2,0.4544,1.129,7.5688
/root/workspace/UIE/datasets/UIEB_Dataset/614_img_.png,FUSION2,0.438,1.0374,7.699
/root/workspace/UIE/datasets/UIEB_Dataset/849_img_.png,FUSION2,0.4444,1.3783,7.6798
/root/workspace/UIE/datasets/UIEB_Dataset/756.png,FUSION2,0.469,0.569,7.6928
/root/workspace/UIE/datasets/UIEB_Dataset/403_img_.png,FUSION2,0.4192,1.2228,7.623
/root/workspace/UIE/datasets/UIEB_Dataset/327_img_.png,FUSION2,0.4259,0.6076,7.6626
/root/workspace/UIE/datasets/UIEB_Dataset/404_img_.png,FUSION2,0.412,1.4526,7.283
/root/workspace/UIE/datasets/UIEB_Dataset/238_img_.png,FUSION2,0.4315,1.415,7.6143
/root/workspace/UIE/datasets/UIEB_Dataset/683_img_.png,FUSION2,0.4456,1.1157,7.6434
/root/workspace/UIE/datasets/UIEB_Dataset/319_img_.png,FUSION2,0.4167,0.9382,7.6044
/root/workspace/UIE/datasets/UIEB_Dataset/20.png,FUSION2,0.4475,1.45,7.8435
/root/workspace/UIE/datasets/UIEB_Dataset/252_img_.png,FUSION2,0.4334,1.4875,7.7811
/root/workspace/UIE/datasets/UIEB_Dataset/557_img_.png,FUSION2,0.4149,1.28,7.7489
/root/workspace/UIE/datasets/UIEB_Dataset/435_img_.png,FUSION2,0.4261,1.2258,7.6353
/root/workspace/UIE/datasets/UIEB_Dataset/715_img_.png,FUSION2,0.4448,0.7557,7.7487
/root/workspace/UIE/datasets/UIEB_Dataset/116_img_.png,FUSION2,0.4276,1.5901,7.8785
/root/workspace/UIE/datasets/UIEB_Dataset/756_img_.png,FUSION2,0.4593,1.59,7.5524
/root/workspace/UIE/datasets/UIEB_Dataset/214_img_.png,FUSION2,0.4368,1.5721,7.6845
/root/workspace/UIE/datasets/UIEB_Dataset/15001.png,FUSION2,0.451,1.0326,7.7398
/root/workspace/UIE/datasets/UIEB_Dataset/854_img_.png,FUSION2,0.4112,0.8864,7.6321
/root/workspace/UIE/datasets/UIEB_Dataset/775_img_.png,FUSION2,0.4451,1.8314,7.8691
/root/workspace/UIE/datasets/UIEB_Dataset/208_img_.png,FUSION2,0.442,1.4685,7.9098
/root/workspace/UIE/datasets/UIEB_Dataset/509_img_.png,FUSION2,0.4458,1.4452,7.7878
/root/workspace/UIE/datasets/UIEB_Dataset/285_img_.png,FUSION2,0.3896,1.1174,7.5299
/root/workspace/UIE/datasets/UIEB_Dataset/3728.png,FUSION2,0.4369,1.0335,7.6679
/root/workspace/UIE/datasets/UIEB_Dataset/11398.png,FUSION2,0.4595,0.834,7.6125
/root/workspace/UIE/datasets/UIEB_Dataset/345_img_.png,FUSION2,0.4004,1.0386,7.479
/root/workspace/UIE/datasets/UIEB_Dataset/6788.png,FUSION2,0.4213,1.4346,7.6461
/root/workspace/UIE/datasets/UIEB_Dataset/171_img_.png,FUSION2,0.4255,1.2725,7.8356
/root/workspace/UIE/datasets/UIEB_Dataset/9896.png,FUSION2,0.4711,1.104,7.5998
/root/workspace/UIE/datasets/UIEB_Dataset/508_img_.png,FUSION2,0.464,1.273,7.8652
/root/workspace/UIE/datasets/UIEB_Dataset/584_img_.png,FUSION2,0.4408,0.771,7.7528
/root/workspace/UIE/datasets/UIEB_Dataset/528_img_.png,FUSION2,0.4281,1.462,7.7934
/root/workspace/UIE/datasets/UIEB_Dataset/188_img_.png,FUSION2,0.4389,1.7261,7.8528
/root/workspace/UIE/datasets/UIEB_Dataset/298_img_.png,FUSION2,0.4384,1.0355,7.8375
/root/workspace/UIE/datasets/UIEB_Dataset/547_img_.png,FUSION2,0.4358,1.2679,7.8118
/root/workspace/UIE/datasets/UIEB_Dataset/594_img_.png,FUSION2,0.4454,1.3216,7.8989
/root/workspace/UIE/datasets/UIEB_Dataset/480_img_.png,FUSION2,0.4172,0.8819,7.603
/root/workspace/UIE/datasets/UIEB_Dataset/251_img_.png,FUSION2,0.4408,1.7776,7.8958
/root/workspace/UIE/datasets/UIEB_Dataset/195_img_.png,FUSION2,0.4479,1.3985,7.8181
/root/workspace/UIE/datasets/UIEB_Dataset/637_img_.png,FUSION2,0.4379,1.5464,7.8557
/root/workspace/UIE/datasets/UIEB_Dataset/642_img_.png,FUSION2,0.4427,1.1876,7.9194
/root/workspace/UIE/datasets/UIEB_Dataset/497_img_.png,FUSION2,0.4482,1.8384,7.8955
/root/workspace/UIE/datasets/UIEB_Dataset/320_img_.png,FUSION2,0.4382,1.5274,7.7493
/root/workspace/UIE/datasets/UIEB_Dataset/672_img_.png,FUSION2,0.4321,1.2005,7.8747
/root/workspace/UIE/datasets/UIEB_Dataset/575_img_.png,FUSION2,0.4126,1.4385,7.7915
/root/workspace/UIE/datasets/UIEB_Dataset/656_img_.png,FUSION2,0.4163,1.1035,7.6955
/root/workspace/UIE/datasets/UIEB_Dataset/577_img_.png,FUSION2,0.4279,0.8961,7.6525
/root/workspace/UIE/datasets/UIEB_Dataset/892_img_.png,FUSION2,0.4389,1.1823,7.9125
/root/workspace/UIE/datasets/UIEB_Dataset/852_img_.png,FUSION2,0.4154,1.1767,7.7102
/root/workspace/UIE/datasets/UIEB_Dataset/814_img_.png,FUSION2,0.4151,1.3281,7.7508
/root/workspace/UIE/datasets/UIEB_Dataset/7654.png,FUSION2,0.4279,1.7188,7.6014
/root/workspace/UIE/datasets/UIEB_Dataset/15136.png,FUSION2,0.4454,0.9922,7.7785
/root/workspace/UIE/datasets/UIEB_Dataset/574_img_.png,FUSION2,0.3385,0.9852,7.1189
/root/workspace/UIE/datasets/UIEB_Dataset/3_img_.png,FUSION2,0.4386,1.411,7.7083
/root/workspace/UIE/datasets/UIEB_Dataset/420_img_.png,FUSION2,0.4167,1.1924,7.615
/root/workspace/UIE/datasets/UIEB_Dataset/803_img_.png,FUSION2,0.4439,1.6605,7.8692
/root/workspace/UIE/datasets/UIEB_Dataset/716_img_.png,FUSION2,0.4426,1.0689,7.4294
/root/workspace/UIE/datasets/UIEB_Dataset/487_img_.png,FUSION2,0.4211,0.6622,7.1612
/root/workspace/UIE/datasets/UIEB_Dataset/467_img_.png,FUSION2,0.4305,1.2407,7.8137
/root/workspace/UIE/datasets/UIEB_Dataset/141_img_.png,FUSION2,0.4488,1.1381,7.8008
/root/workspace/UIE/datasets/UIEB_Dataset/631_img_.png,FUSION2,0.4421,1.455,7.8558
/root/workspace/UIE/datasets/UIEB_Dataset/125_img_.png,FUSION2,0.4496,1.7143,7.9018
/root/workspace/UIE/datasets/UIEB_Dataset/625_img_.png,FUSION2,0.4488,0.4723,7.5465
/root/workspace/UIE/datasets/UIEB_Dataset/538_img_.png,FUSION2,0.4345,1.4871,7.8809
/root/workspace/UIE/datasets/UIEB_Dataset/203_img_.png,FUSION2,0.4175,1.0412,7.3892
/root/workspace/UIE/datasets/UIEB_Dataset/402_img_.png,FUSION2,0.4344,1.0349,7.7194
/root/workspace/UIE/datasets/UIEB_Dataset/9567.png,FUSION2,0.4248,0.9241,7.6533
/root/workspace/UIE/datasets/UIEB_Dataset/733_img_.png,FUSION2,0.4004,1.4369,6.8484
/root/workspace/UIE/datasets/UIEB_Dataset/348_img_.png,FUSION2,0.4275,1.2031,7.6483
/root/workspace/UIE/datasets/UIEB_Dataset/362_img_.png,FUSION2,0.4362,1.0985,7.5969
/root/workspace/UIE/datasets/UIEB_Dataset/27_img_.png,FUSION2,0.4393,1.159,7.8321
/root/workspace/UIE/datasets/UIEB_Dataset/8010.png,FUSION2,0.4188,1.2969,7.6646
/root/workspace/UIE/datasets/UIEB_Dataset/563.png,FUSION2,0.4551,0.8097,7.6983
/root/workspace/UIE/datasets/UIEB_Dataset/240_img_.png,FUSION2,0.4322,0.7993,7.4672
/root/workspace/UIE/datasets/UIEB_Dataset/675_img_.png,FUSION2,0.4226,1.2991,7.5971
/root/workspace/UIE/datasets/UIEB_Dataset/451_img_.png,FUSION2,0.4603,0.9706,7.8125
/root/workspace/UIE/datasets/UIEB_Dataset/145_img_.png,FUSION2,0.4385,1.4221,7.844
/root/workspace/UIE/datasets/UIEB_Dataset/272_img_.png,FUSION2,0.451,1.1437,7.8701
/root/workspace/UIE/datasets/UIEB_Dataset/465_img_.png,FUSION2,0.4111,1.3851,7.2487
/root/workspace/UIE/datasets/UIEB_Dataset/486_img_.png,FUSION2,0.5028,0.9114,7.7229
/root/workspace/UIE/datasets/UIEB_Dataset/812_img_.png,FUSION2,0.441,1.6335,7.876
/root/workspace/UIE/datasets/UIEB_Dataset/405_img_.png,FUSION2,0.4416,1.2387,7.7817
/root/workspace/UIE/datasets/UIEB_Dataset/15094.png,FUSION2,0.4511,1.2166,7.9077
/root/workspace/UIE/datasets/UIEB_Dataset/566_img_.png,FUSION2,0.4229,1.2672,7.6867
/root/workspace/UIE/datasets/UIEB_Dataset/191_img_.png,FUSION2,0.4483,1.3418,7.7906
/root/workspace/UIE/datasets/UIEB_Dataset/652_img_.png,FUSION2,0.4327,1.5358,7.8961
/root/workspace/UIE/datasets/UIEB_Dataset/1573.png,FUSION2,0.4869,0.6719,7.4703
/root/workspace/UIE/datasets/UIEB_Dataset/684_img_.png,FUSION2,0.4425,1.89,7.9013
/root/workspace/UIE/datasets/UIEB_Dataset/258_img_.png,FUSION2,0.4431,1.283,7.7809
/root/workspace/UIE/datasets/UIEB_Dataset/847_img_.png,FUSION2,0.4394,0.606,7.6561
/root/workspace/UIE/datasets/UIEB_Dataset/449_img_.png,FUSION2,0.4467,0.8237,7.5554
/root/workspace/UIE/datasets/UIEB_Dataset/73_img_.png,FUSION2,0.4295,1.2655,7.728
/root/workspace/UIE/datasets/UIEB_Dataset/843_img_.png,FUSION2,0.3974,1.3285,7.7572
/root/workspace/UIE/datasets/UIEB_Dataset/488_img_.png,FUSION2,0.4281,1.1255,7.3105
/root/workspace/UIE/datasets/UIEB_Dataset/424_img_.png,FUSION2,0.4104,1.3428,7.5545
/root/workspace/UIE/datasets/UIEB_Dataset/919_img_.png,FUSION2,0.4438,1.3563,7.8876
/root/workspace/UIE/datasets/UIEB_Dataset/377_img_.png,FUSION2,0.4142,1.2376,7.6245
/root/workspace/UIE/datasets/UIEB_Dataset/202_img_.png,FUSION2,0.4195,1.2269,7.6823
/root/workspace/UIE/datasets/UIEB_Dataset/560_img_.png,FUSION2,0.4328,1.1685,7.6045
/root/workspace/UIE/datasets/UIEB_Dataset/734_img_.png,FUSION2,0.4571,1.3937,7.4017
/root/workspace/UIE/datasets/UIEB_Dataset/25_img_.png,FUSION2,0.4257,1.3242,7.8259
/root/workspace/UIE/datasets/UIEB_Dataset/519_img_.png,FUSION2,0.4209,0.9092,7.668
/root/workspace/UIE/datasets/UIEB_Dataset/2882.png,FUSION2,0.4576,1.3018,7.8801
/root/workspace/UIE/datasets/UIEB_Dataset/136_img_.png,FUSION2,0.4096,0.9685,7.6026
/root/workspace/UIE/datasets/UIEB_Dataset/871_img_.png,FUSION2,0.4341,1.4658,7.7973
/root/workspace/UIE/datasets/UIEB_Dataset/837.png,FUSION2,0.4536,0.9179,7.7112
/root/workspace/UIE/datasets/UIEB_Dataset/11374.png,FUSION2,0.439,0.929,7.246
/root/workspace/UIE/datasets/UIEB_Dataset/268_img_.png,FUSION2,0.4327,0.8508,7.5007
/root/workspace/UIE/datasets/UIEB_Dataset/754_img_.png,FUSION2,0.4176,1.4543,7.7337
/root/workspace/UIE/datasets/UIEB_Dataset/539.png,FUSION2,0.4482,1.2589,7.8402
/root/workspace/UIE/datasets/UIEB_Dataset/1491.png,FUSION2,0.4598,0.9449,7.7914
/root/workspace/UIE/datasets/UIEB_Dataset/460_img_.png,FUSION2,0.4408,1.0919,7.7109
/root/workspace/UIE/datasets/UIEB_Dataset/1957.png,FUSION2,0.4447,1.4589,7.8836
/root/workspace/UIE/datasets/UIEB_Dataset/416_img_.png,FUSION2,0.4495,1.4087,7.6768
/root/workspace/UIE/datasets/UIEB_Dataset/422_img_.png,FUSION2,0.4441,0.9419,7.6791
/root/workspace/UIE/datasets/UIEB_Dataset/341_img_.png,FUSION2,0.4337,0.9102,7.747
/root/workspace/UIE/datasets/UIEB_Dataset/6820.png,FUSION2,0.4099,0.7497,7.4421
/root/workspace/UIE/datasets/UIEB_Dataset/750_img_.png,FUSION2,0.4355,1.1501,7.7534
/root/workspace/UIE/datasets/UIEB_Dataset/585_img_.png,FUSION2,0.4372,1.3543,7.8759
/root/workspace/UIE/datasets/UIEB_Dataset/700_img_.png,FUSION2,0.4563,1.3313,7.7563
/root/workspace/UIE/datasets/UIEB_Dataset/554_img_.png,FUSION2,0.4467,1.2726,7.8408
/root/workspace/UIE/datasets/UIEB_Dataset/121_img_.png,FUSION2,0.4365,1.0771,7.9037
/root/workspace/UIE/datasets/UIEB_Dataset/457_img_.png,FUSION2,0.4602,1.3333,7.9281
/root/workspace/UIE/datasets/UIEB_Dataset/636_img_.png,FUSION2,0.4478,1.5507,7.8521
/root/workspace/UIE/datasets/UIEB_Dataset/440_img_.png,FUSION2,0.4242,0.775,7.7595
/root/workspace/UIE/datasets/UIEB_Dataset/407_img_.png,FUSION2,0.461,1.1148,7.8615
/root/workspace/UIE/datasets/UIEB_Dataset/29_img_.png,FUSION2,0.4368,1.6178,7.7971
/root/workspace/UIE/datasets/UIEB_Dataset/524_img_.png,FUSION2,0.4384,0.9619,7.6604
/root/workspace/UIE/datasets/UIEB_Dataset/661_img_.png,FUSION2,0.4641,1.2378,7.7353
/root/workspace/UIE/datasets/UIEB_Dataset/687_img_.png,FUSION2,0.3944,0.6074,7.5491
/root/workspace/UIE/datasets/UIEB_Dataset/633_img_.png,FUSION2,0.4457,1.4738,7.8757
/root/workspace/UIE/datasets/UIEB_Dataset/728_img_.png,FUSION2,0.4418,1.3018,7.8934
/root/workspace/UIE/datasets/UIEB_Dataset/9547.png,FUSION2,0.468,1.1134,7.7997
/root/workspace/UIE/datasets/UIEB_Dataset/312_img_.png,FUSION2,0.4403,1.3447,7.8397
/root/workspace/UIE/datasets/UIEB_Dataset/533_img_.png,FUSION2,0.4457,1.1817,7.8518
/root/workspace/UIE/datasets/UIEB_Dataset/770_img_.png,FUSION2,0.4579,2.0864,7.9134
/root/workspace/UIE/datasets/UIEB_Dataset/484_img_.png,FUSION2,0.4359,1.7323,7.8874
/root/workspace/UIE/datasets/UIEB_Dataset/506_img_.png,FUSION2,0.4276,1.3169,7.5336
/root/workspace/UIE/datasets/UIEB_Dataset/455_img_.png,FUSION2,0.4288,0.9112,7.7269
/root/workspace/UIE/datasets/UIEB_Dataset/681_img_.png,FUSION2,0.4611,1.2109,7.8554
/root/workspace/UIE/datasets/UIEB_Dataset/86_img_.png,FUSION2,0.4339,1.0017,7.6033
/root/workspace/UIE/datasets/UIEB_Dataset/489_img_.png,FUSION2,0.4396,1.3868,7.7837
/root/workspace/UIE/datasets/UIEB_Dataset/366_img_.png,FUSION2,0.447,1.1527,7.7288
/root/workspace/UIE/datasets/UIEB_Dataset/200_img_.png,FUSION2,0.4482,1.3627,7.8187
/root/workspace/UIE/datasets/UIEB_Dataset/6062.png,FUSION2,0.4847,0.6847,7.5009
/root/workspace/UIE/datasets/UIEB_Dataset/15704.png,FUSION2,0.4575,0.9716,7.8727
/root/workspace/UIE/datasets/UIEB_Dataset/176_img_.png,FUSION2,0.4489,1.8385,7.9105
/root/workspace/UIE/datasets/UIEB_Dataset/61_img_.png,FUSION2,0.4275,1.0065,7.6142
/root/workspace/UIE/datasets/UIEB_Dataset/690_img_.png,FUSION2,0.4548,1.8071,7.6735
/root/workspace/UIE/datasets/UIEB_Dataset/22_img_.png,FUSION2,0.4199,1.2724,7.7782
/root/workspace/UIE/datasets/UIEB_Dataset/273_img_.png,FUSION2,0.438,1.0963,7.8424
/root/workspace/UIE/datasets/UIEB_Dataset/23_img_.png,FUSION2,0.4222,1.357,7.7798
/root/workspace/UIE/datasets/UIEB_Dataset/598.png,FUSION2,0.4662,1.0716,7.7795
/root/workspace/UIE/datasets/UIEB_Dataset/432_img_.png,FUSION2,0.4205,0.7964,7.8057
/root/workspace/UIE/datasets/UIEB_Dataset/730_img_.png,FUSION2,0.466,1.2367,7.8635
/root/workspace/UIE/datasets/UIEB_Dataset/111_img_.png,FUSION2,0.4314,0.2765,6.9882
/root/workspace/UIE/datasets/UIEB_Dataset/303_img_.png,FUSION2,0.4387,1.0356,7.8322
/root/workspace/UIE/datasets/UIEB_Dataset/571_img_.png,FUSION2,0.4478,0.9615,7.8789
/root/workspace/UIE/datasets/UIEB_Dataset/12348.png,FUSION2,0.4231,0.5142,7.073
/root/workspace/UIE/datasets/UIEB_Dataset/454_img_.png,FUSION2,0.443,0.7722,7.8154
/root/workspace/UIE/datasets/UIEB_Dataset/193_img_.png,FUSION2,0.4569,1.3857,7.8581
/root/workspace/UIE/datasets/UIEB_Dataset/361_img_.png,FUSION2,0.4095,0.5498,7.517
/root/workspace/UIE/datasets/UIEB_Dataset/210_img_.png,FUSION2,0.43,1.4815,7.6914
/root/workspace/UIE/datasets/UIEB_Dataset/686_img_.png,FUSION2,0.4159,1.1689,7.8255
/root/workspace/UIE/datasets/UIEB_Dataset/41_img_.png,FUSION2,0.4476,1.4278,7.9288
/root/workspace/UIE/datasets/UIEB_Dataset/698_img_.png,FUSION2,0.4299,1.504,7.8256
/root/workspace/UIE/datasets/UIEB_Dataset/44_img_.png,FUSION2,0.4514,1.4622,7.7298
/root/workspace/UIE/datasets/UIEB_Dataset/439_img_.png,FUSION2,0.412,0.8469,7.6744
/root/workspace/UIE/datasets/UIEB_Dataset/650_img_.png,FUSION2,0.4319,1.1162,7.4356
/root/workspace/UIE/datasets/UIEB_Dataset/409_img_.png,FUSION2,0.43,1.7511,7.8116
/root/workspace/UIE/datasets/UIEB_Dataset/607_img_.png,FUSION2,0.4343,0.6565,7.8548
/root/workspace/UIE/datasets/UIEB_Dataset/546_img_.png,FUSION2,0.4254,1.4536,7.6976
/root/workspace/UIE/datasets/UIEB_Dataset/9557.png,FUSION2,0.4298,0.8365,7.7
/root/workspace/UIE/datasets/UIEB_Dataset/94_img_.png,FUSION2,0.4391,1.4992,7.621
/root/workspace/UIE/datasets/UIEB_Dataset/76_img_.png,FUSION2,0.4257,1.1571,7.5838
/root/workspace/UIE/datasets/UIEB_Dataset/539_img_.png,FUSION2,0.4539,1.6156,7.7126
/root/workspace/UIE/datasets/UIEB_Dataset/630_img_.png,FUSION2,0.4421,1.1303,7.8206
/root/workspace/UIE/datasets/UIEB_Dataset/550_img_.png,FUSION2,0.4352,1.3473,7.7759
/root/workspace/UIE/datasets/UIEB_Dataset/778_img_.png,FUSION2,0.4391,1.5504,7.8674
/root/workspace/UIE/datasets/UIEB_Dataset/220_img_.png,FUSION2,0.4362,1.7668,7.7991
/root/workspace/UIE/datasets/UIEB_Dataset/257_img_.png,FUSION2,0.409,1.219,7.695
/root/workspace/UIE/datasets/UIEB_Dataset/418_img_.png,FUSION2,0.4142,1.5015,7.686
/root/workspace/UIE/datasets/UIEB_Dataset/618_img_.png,FUSION2,0.4466,1.3554,7.8492
/root/workspace/UIE/datasets/UIEB_Dataset/338_img_.png,FUSION2,0.4429,0.8174,7.6781
/root/workspace/UIE/datasets/UIEB_Dataset/232_img_.png,FUSION2,0.4326,1.5286,7.6858
/root/workspace/UIE/datasets/UIEB_Dataset/887_img_.png,FUSION2,0.4516,1.4528,7.8844
/root/workspace/UIE/datasets/UIEB_Dataset/763_img_.png,FUSION2,0.4559,1.8112,7.9204
/root/workspace/UIE/datasets/UIEB_Dataset/8046.png,FUSION2,0.3993,1.1825,7.4046
/root/workspace/UIE/datasets/UIEB_Dataset/556_img_.png,FUSION2,0.4107,1.2632,7.6456
/root/workspace/UIE/datasets/UIEB_Dataset/294_img_.png,FUSION2,0.4285,1.0772,7.0558
/root/workspace/UIE/datasets/UIEB_Dataset/568_img_.png,FUSION2,0.4275,1.1889,7.5089
/root/workspace/UIE/datasets/UIEB_Dataset/295_img_.png,FUSION2,0.4319,1.4608,7.61
/root/workspace/UIE/datasets/UIEB_Dataset/495_img_.png,FUSION2,0.4591,0.7741,7.8449
/root/workspace/UIE/datasets/UIEB_Dataset/834_img_.png,FUSION2,0.4179,0.6999,6.8308
/root/workspace/UIE/datasets/UIEB_Dataset/379_img_.png,FUSION2,0.416,0.7844,7.3505
/root/workspace/UIE/datasets/UIEB_Dataset/2977.png,FUSION2,0.4563,1.085,7.6991
/root/workspace/UIE/datasets/UIEB_Dataset/769_img_.png,FUSION2,0.4422,1.4267,7.7877
/root/workspace/UIE/datasets/UIEB_Dataset/597_img_.png,FUSION2,0.4364,0.9777,7.8957
/root/workspace/UIE/datasets/UIEB_Dataset/417_img_.png,FUSION2,0.4067,1.0095,7.7846
/root/workspace/UIE/datasets/UIEB_Dataset/794_img_.png,FUSION2,0.4532,1.3991,7.8417
/root/workspace/UIE/datasets/UIEB_Dataset/534_img_.png,FUSION2,0.4649,0.9266,7.7322
/root/workspace/UIE/datasets/UIEB_Dataset/391_img_.png,FUSION2,0.4108,1.2257,7.6378
/root/workspace/UIE/datasets/UIEB_Dataset/583_img_.png,FUSION2,0.4238,1.2053,7.8242
/root/workspace/UIE/datasets/UIEB_Dataset/443_img_.png,FUSION2,0.4483,1.423,7.9048
/root/workspace/UIE/datasets/UIEB_Dataset/649_img_.png,FUSION2,0.4426,1.688,7.8881
/root/workspace/UIE/datasets/UIEB_Dataset/845_img_.png,FUSION2,0.4251,1.0494,7.71
/root/workspace/UIE/datasets/UIEB_Dataset/39_img_.png,FUSION2,0.4447,1.5767,7.7426
/root/workspace/UIE/datasets/UIEB_Dataset/563_img_.png,FUSION2,0.4275,1.2129,7.6349
/root/workspace/UIE/datasets/UIEB_Dataset/479_img_.png,FUSION2,0.4215,1.2822,7.6367
/root/workspace/UIE/datasets/UIEB_Dataset/154_img_.png,FUSION2,0.4556,1.5228,7.8701
/root/workspace/UIE/datasets/UIEB_Dataset/622_img_.png,FUSION2,0.4468,1.5647,7.8357
/root/workspace/UIE/datasets/UIEB_Dataset/337_img_.png,FUSION2,0.4435,0.8669,7.5601
/root/workspace/UIE/datasets/UIEB_Dataset/63_img_.png,FUSION2,0.4483,1.4694,7.8361
/root/workspace/UIE/datasets/UIEB_Dataset/65_img_.png,FUSION2,0.4414,1.8304,7.8422
/root/workspace/UIE/datasets/UIEB_Dataset/243_img_.png,FUSION2,0.4405,1.6609,7.8418
/root/workspace/UIE/datasets/UIEB_Dataset/137_img_.png,FUSION2,0.4413,1.4401,7.8479
/root/workspace/UIE/datasets/UIEB_Dataset/234_img_.png,FUSION2,0.4446,2.0017,7.8259
/root/workspace/UIE/datasets/UIEB_Dataset/846_img_.png,FUSION2,0.441,1.4711,7.8028
/root/workspace/UIE/datasets/UIEB_Dataset/855_img_.png,FUSION2,0.4282,0.9859,7.8598
/root/workspace/UIE/datasets/UIEB_Dataset/263_img_.png,FUSION2,0.4514,0.7266,7.6217
/root/workspace/UIE/datasets/UIEB_Dataset/316_img_.png,FUSION2,0.4261,1.5352,7.6782
/root/workspace/UIE/datasets/UIEB_Dataset/600_img_.png,FUSION2,0.4477,1.562,7.9441
/root/workspace/UIE/datasets/UIEB_Dataset/516_img_.png,FUSION2,0.4347,1.6373,7.8001
/root/workspace/UIE/datasets/UIEB_Dataset/49_img_.png,FUSION2,0.4228,1.7973,7.6881
/root/workspace/UIE/datasets/UIEB_Dataset/838_img_.png,FUSION2,0.4555,1.5824,7.9271
/root/workspace/UIE/datasets/UIEB_Dataset/227_img_.png,FUSION2,0.4226,1.0058,7.7849
/root/workspace/UIE/datasets/UIEB_Dataset/175_img_.png,FUSION2,0.424,1.1069,7.6685
/root/workspace/UIE/datasets/UIEB_Dataset/689_img_.png,FUSION2,0.396,1.6704,7.7517
/root/workspace/UIE/datasets/UIEB_Dataset/228_img_.png,FUSION2,0.4465,1.2111,7.7967
/root/workspace/UIE/datasets/UIEB_Dataset/392_img_.png,FUSION2,0.4456,1.1043,7.6134
/root/workspace/UIE/datasets/UIEB_Dataset/278_img_.png,FUSION2,0.4244,1.0041,7.6025
/root/workspace/UIE/datasets/UIEB_Dataset/370_img_.png,FUSION2,0.428,1.2924,7.6607
/root/workspace/UIE/datasets/UIEB_Dataset/92_img_.png,FUSION2,0.46,1.4044,7.8399
/root/workspace/UIE/datasets/UIEB_Dataset/244_img_.png,FUSION2,0.4381,1.4378,7.5614
/root/workspace/UIE/datasets/UIEB_Dataset/797_img_.png,FUSION2,0.4252,1.4732,7.6058
/root/workspace/UIE/datasets/UIEB_Dataset/10_img_.png,FUSION2,0.4095,0.8015,7.4193
/root/workspace/UIE/datasets/UIEB_Dataset/12299.png,FUSION2,0.4173,0.7622,7.4354
/root/workspace/UIE/datasets/UIEB_Dataset/382_img_.png,FUSION2,0.4353,1.6017,7.8551
/root/workspace/UIE/datasets/UIEB_Dataset/736_img_.png,FUSION2,0.4403,1.3569,7.8427
/root/workspace/UIE/datasets/UIEB_Dataset/562_img_.png,FUSION2,0.4217,0.6425,7.591
/root/workspace/UIE/datasets/UIEB_Dataset/928_img_.png,FUSION2,0.4306,1.2919,7.3833
/root/workspace/UIE/datasets/UIEB_Dataset/848_img_.png,FUSION2,0.4397,1.5255,7.8967
/root/workspace/UIE/datasets/UIEB_Dataset/445_img_.png,FUSION2,0.4197,1.5385,7.8008
/root/workspace/UIE/datasets/UIEB_Dataset/446_img_.png,FUSION2,0.4182,1.2202,7.527
/root/workspace/UIE/datasets/UIEB_Dataset/641_img_.png,FUSION2,0.4144,0.9397,7.5416
/root/workspace/UIE/datasets/UIEB_Dataset/165_img_.png,FUSION2,0.434,1.3514,7.7909
/root/workspace/UIE/datasets/UIEB_Dataset/653_img_.png,FUSION2,0.4504,1.6565,7.8428
/root/workspace/UIE/datasets/UIEB_Dataset/118_img_.png,FUSION2,0.4391,1.2785,7.6844
/root/workspace/UIE/datasets/UIEB_Dataset/148_img_.png,FUSION2,0.4455,1.4869,7.8348
/root/workspace/UIE/datasets/UIEB_Dataset/697_img_.png,FUSION2,0.4241,1.0499,7.5687
/root/workspace/UIE/datasets/UIEB_Dataset/371_img_.png,FUSION2,0.4515,0.6431,7.7293
/root/workspace/UIE/datasets/UIEB_Dataset/726_img_.png,FUSION2,0.4391,1.3666,7.9109
/root/workspace/UIE/datasets/UIEB_Dataset/161_img_.png,FUSION2,0.4503,1.6311,7.9099
/root/workspace/UIE/datasets/UIEB_Dataset/4070.png,FUSION2,0.4236,0.7202,7.5878
/root/workspace/UIE/datasets/UIEB_Dataset/567.png,FUSION2,0.4486,0.748,7.7557
/root/workspace/UIE/datasets/UIEB_Dataset/639_img_.png,FUSION2,0.45,0.9057,7.9051
/root/workspace/UIE/datasets/UIEB_Dataset/372_img_.png,FUSION2,0.4493,1.1679,7.4757
/root/workspace/UIE/datasets/UIEB_Dataset/917_img_.png,FUSION2,0.4532,1.2216,7.6169
/root/workspace/UIE/datasets/UIEB_Dataset/831_img_.png,FUSION2,0.4227,1.3586,7.6573
/root/workspace/UIE/datasets/UIEB_Dataset/375_img_.png,FUSION2,0.4571,0.8059,7.5838
/root/workspace/UIE/datasets/UIEB_Dataset/822_img_.png,FUSION2,0.4436,1.1974,7.867
/root/workspace/UIE/datasets/UIEB_Dataset/15418.png,FUSION2,0.4629,0.8854,7.8609
/root/workspace/UIE/datasets/UIEB_Dataset/482_img_.png,FUSION2,0.447,1.6861,7.87
/root/workspace/UIE/datasets/UIEB_Dataset/751_img_.png,FUSION2,0.465,1.0276,7.8448
/root/workspace/UIE/datasets/UIEB_Dataset/768_img_.png,FUSION2,0.4327,1.1912,7.6299
/root/workspace/UIE/datasets/UIEB_Dataset/492_img_.png,FUSION2,0.4342,1.4301,7.8035
/root/workspace/UIE/datasets/UIEB_Dataset/920_img_.png,FUSION2,0.4291,1.7075,7.8108
/root/workspace/UIE/datasets/UIEB_Dataset/786_img_.png,FUSION2,0.4007,1.2012,7.6189
/root/workspace/UIE/datasets/UIEB_Dataset/438_img_.png,FUSION2,0.4057,1.2799,7.7587
/root/workspace/UIE/datasets/UIEB_Dataset/164_img_.png,FUSION2,0.4375,1.3013,7.7489
/root/workspace/UIE/datasets/UIEB_Dataset/275_img_.png,FUSION2,0.4444,1.6703,7.8817
/root/workspace/UIE/datasets/UIEB_Dataset/878_img_.png,FUSION2,0.4249,1.4995,7.8088
/root/workspace/UIE/datasets/UIEB_Dataset/77_img_.png,FUSION2,0.4368,1.7405,7.8236
/root/workspace/UIE/datasets/UIEB_Dataset/875_img_.png,FUSION2,0.4313,1.9213,7.906
/root/workspace/UIE/datasets/UIEB_Dataset/844_img_.png,FUSION2,0.4452,1.1984,7.7208
/root/workspace/UIE/datasets/UIEB_Dataset/785_img_.png,FUSION2,0.4395,1.5794,7.9126
/root/workspace/UIE/datasets/UIEB_Dataset/9_img_.png,FUSION2,0.4264,0.9377,7.4174
/root/workspace/UIE/datasets/UIEB_Dataset/496_img_.png,FUSION2,0.4433,1.3431,7.868
/root/workspace/UIE/datasets/UIEB_Dataset/545_img_.png,FUSION2,0.4299,1.1982,7.7526
/root/workspace/UIE/datasets/UIEB_Dataset/255_img_.png,FUSION2,0.4103,0.2912,7.7186
/root/workspace/UIE/datasets/UIEB_Dataset/12336.png,FUSION2,0.4216,1.0013,7.7369
/root/workspace/UIE/datasets/UIEB_Dataset/143_img_.png,FUSION2,0.3987,1.3796,7.4436
/root/workspace/UIE/datasets/UIEB_Dataset/194_img_.png,FUSION2,0.4496,1.4816,7.9137
/root/workspace/UIE/datasets/UIEB_Dataset/513_img_.png,FUSION2,0.4683,1.7352,7.963
/root/workspace/UIE/datasets/UIEB_Dataset/229_img_.png,FUSION2,0.3999,0.8228,7.2432
/root/workspace/UIE/datasets/UIEB_Dataset/842_img_.png,FUSION2,0.4445,1.1891,7.7834
/root/workspace/UIE/datasets/UIEB_Dataset/654_img_.png,FUSION2,0.4428,1.2036,7.7449
/root/workspace/UIE/datasets/UIEB_Dataset/743_img_.png,FUSION2,0.4183,1.3951,7.7787
/root/workspace/UIE/datasets/UIEB_Dataset/187_img_.png,FUSION2,0.4284,1.298,7.6705
/root/workspace/UIE/datasets/UIEB_Dataset/781_img_.png,FUSION2,0.4414,1.5815,7.7996
/root/workspace/UIE/datasets/UIEB_Dataset/470_img_.png,FUSION2,0.4379,1.2612,7.91
/root/workspace/UIE/datasets/UIEB_Dataset/9947.png,FUSION2,0.472,0.9632,7.8513
/root/workspace/UIE/datasets/UIEB_Dataset/233_img_.png,FUSION2,0.4428,1.5772,7.8166
/root/workspace/UIE/datasets/UIEB_Dataset/724_img_.png,FUSION2,0.3999,1.0068,7.5958
/root/workspace/UIE/datasets/UIEB_Dataset/719_img_.png,FUSION2,0.4446,0.9045,7.3536
/root/workspace/UIE/datasets/UIEB_Dataset/105_img_.png,FUSION2,0.4473,0.8173,7.8154
/root/workspace/UIE/datasets/UIEB_Dataset/867_img_.png,FUSION2,0.3875,1.1127,7.4709
/root/workspace/UIE/datasets/UIEB_Dataset/784_img_.png,FUSION2,0.4511,1.5032,7.7769
/root/workspace/UIE/datasets/UIEB_Dataset/561_img_.png,FUSION2,0.4185,1.5128,7.6057
/root/workspace/UIE/datasets/UIEB_Dataset/796_img_.png,FUSION2,0.442,0.6406,7.7327
/root/workspace/UIE/datasets/UIEB_Dataset/87_img_.png,FUSION2,0.4596,1.3313,7.85
/root/workspace/UIE/datasets/UIEB_Dataset/423_img_.png,FUSION2,0.4278,1.3571,7.6843
/root/workspace/UIE/datasets/UIEB_Dataset/701_img_.png,FUSION2,0.4007,1.2012,7.6189
/root/workspace/UIE/datasets/UIEB_Dataset/673_img_.png,FUSION2,0.4374,1.0569,7.7469
/root/workspace/UIE/datasets/UIEB_Dataset/266_img_.png,FUSION2,0.4419,1.6637,7.8395
/root/workspace/UIE/datasets/UIEB_Dataset/340_img_.png,FUSION2,0.4466,1.0578,7.6303
/root/workspace/UIE/datasets/UIEB_Dataset/505_img_.png,FUSION2,0.4359,1.0066,7.8206
/root/workspace/UIE/datasets/UIEB_Dataset/780_img_.png,FUSION2,0.4625,1.4669,7.8519
/root/workspace/UIE/datasets/UIEB_Dataset/720_img_.png,FUSION2,0.4227,1.3586,7.6573
/root/workspace/UIE/datasets/UIEB_Dataset/922_img_.png,FUSION2,0.4005,0.8573,7.5648
/root/workspace/UIE/datasets/UIEB_Dataset/425_img_.png,FUSION2,0.4187,1.0288,7.8765
/root/workspace/UIE/datasets/UIEB_Dataset/2629.png,FUSION2,0.4487,0.8997,7.4913
/root/workspace/UIE/datasets/UIEB_Dataset/925_img_.png,FUSION2,0.4602,1.9935,7.9445
/root/workspace/UIE/datasets/UIEB_Dataset/635_img_.png,FUSION2,0.4297,0.952,7.5539
/root/workspace/UIE/datasets/UIEB_Dataset/771_img_.png,FUSION2,0.4542,1.1167,7.8483
/root/workspace/UIE/datasets/UIEB_Dataset/346_img_.png,FUSION2,0.4552,1.5892,7.8842
/root/workspace/UIE/datasets/UIEB_Dataset/223_img_.png,FUSION2,0.4232,1.6137,7.7059
/root/workspace/UIE/datasets/UIEB_Dataset/745_img_.png,FUSION2,0.414,1.5556,7.4955
/root/workspace/UIE/datasets/UIEB_Dataset/723_img_.png,FUSION2,0.4689,1.1079,7.8713
/root/workspace/UIE/datasets/UIEB_Dataset/60_img_.png,FUSION2,0.4532,1.3496,7.7581
/root/workspace/UIE/datasets/UIEB_Dataset/230_img_.png,FUSION2,0.4444,1.8879,7.8468
/root/workspace/UIE/datasets/UIEB_Dataset/57_img_.png,FUSION2,0.4421,1.2969,7.9209
/root/workspace/UIE/datasets/UIEB_Dataset/807_img_.png,FUSION2,0.4038,1.7631,7.8007
/root/workspace/UIE/datasets/UIEB_Dataset/541_img_.png,FUSION2,0.432,1.4726,7.8333
/root/workspace/UIE/datasets/UIEB_Dataset/542_img_.png,FUSION2,0.4319,1.7943,7.6944
/root/workspace/UIE/datasets/UIEB_Dataset/196_img_.png,FUSION2,0.4413,1.5988,7.8826
/root/workspace/UIE/datasets/UIEB_Dataset/72_img_.png,FUSION2,0.4223,1.1305,7.6538
/root/workspace/UIE/datasets/UIEB_Dataset/219_img_.png,FUSION2,0.4571,1.9425,7.9011
/root/workspace/UIE/datasets/UIEB_Dataset/503_img_.png,FUSION2,0.422,0.8998,7.6468
/root/workspace/UIE/datasets/UIEB_Dataset/591_img_.png,FUSION2,0.4355,1.2361,7.76
/root/workspace/UIE/datasets/UIEB_Dataset/605_img_.png,FUSION2,0.455,1.3606,7.9168
/root/workspace/UIE/datasets/UIEB_Dataset/469_img_.png,FUSION2,0.4066,1.2844,7.6684
/root/workspace/UIE/datasets/UIEB_Dataset/2546.png,FUSION2,0.4399,1.3249,7.6502
/root/workspace/UIE/datasets/UIEB_Dataset/580_img_.png,FUSION2,0.444,0.6992,7.5292
/root/workspace/UIE/datasets/UIEB_Dataset/711_img_.png,FUSION2,0.4283,1.2033,7.8063
/root/workspace/UIE/datasets/UIEB_Dataset/408_img_.png,FUSION2,0.4516,1.3191,7.6112
/root/workspace/UIE/datasets/UIEB_Dataset/645_img_.png,FUSION2,0.4203,1.618,7.7658
/root/workspace/UIE/datasets/UIEB_Dataset/248_img_.png,FUSION2,0.4364,1.1226,7.8459
/root/workspace/UIE/datasets/UIEB_Dataset/115_img_.png,FUSION2,0.3951,0.8434,7.3431
/root/workspace/UIE/datasets/UIEB_Dataset/662_img_.png,FUSION2,0.4308,1.3068,7.7954
/root/workspace/UIE/datasets/UIEB_Dataset/332_img_.png,FUSION2,0.4378,0.7109,7.64
/root/workspace/UIE/datasets/UIEB_Dataset/473_img_.png,FUSION2,0.4009,0.6137,7.438
/root/workspace/UIE/datasets/UIEB_Dataset/501_img_.png,FUSION2,0.4411,1.2153,7.807
/root/workspace/UIE/datasets/UIEB_Dataset/862_img_.png,FUSION2,0.4299,0.9779,7.8551
/root/workspace/UIE/datasets/UIEB_Dataset/468_img_.png,FUSION2,0.4516,1.609,7.7809
/root/workspace/UIE/datasets/UIEB_Dataset/186_img_.png,FUSION2,0.4101,1.29,7.6446
/root/workspace/UIE/datasets/UIEB_Dataset/180_img_.png,FUSION2,0.4335,1.3133,7.7591
/root/workspace/UIE/datasets/UIEB_Dataset/347_img_.png,FUSION2,0.4579,1.1768,7.8367
/root/workspace/UIE/datasets/UIEB_Dataset/322_img_.png,FUSION2,0.4351,1.2691,7.6084
/root/workspace/UIE/datasets/UIEB_Dataset/387_img_.png,FUSION2,0.405,1.6453,7.4673
/root/workspace/UIE/datasets/UIEB_Dataset/628_img_.png,FUSION2,0.4281,1.4853,7.6982
/root/workspace/UIE/datasets/UIEB_Dataset/138_img_.png,FUSION2,0.4203,0.9602,7.3249
/root/workspace/UIE/datasets/UIEB_Dataset/725_img_.png,FUSION2,0.4176,1.1419,7.548
/root/workspace/UIE/datasets/UIEB_Dataset/10151.png,FUSION2,0.4548,0.8799,7.8379
/root/workspace/UIE/datasets/UIEB_Dataset/767_img_.png,FUSION2,0.4616,1.204,7.5978
/root/workspace/UIE/datasets/UIEB_Dataset/789_img_.png,FUSION2,0.4408,1.4823,7.909
/root/workspace/UIE/datasets/UIEB_Dataset/45_img_.png,FUSION2,0.4425,1.2476,7.8035
/root/workspace/UIE/datasets/UIEB_Dataset/15544.png,FUSION2,0.4069,0.5332,7.1121
/root/workspace/UIE/datasets/UIEB_Dataset/123_img_.png,FUSION2,0.46,1.6254,7.8779
/root/workspace/UIE/datasets/UIEB_Dataset/284_img_.png,FUSION2,0.4423,1.2787,7.8924
/root/workspace/UIE/datasets/UIEB_Dataset/169_img_.png,FUSION2,0.4479,2.0218,7.9284
/root/workspace/UIE/datasets/UIEB_Dataset/499_img_.png,FUSION2,0.4196,1.1571,7.5875
/root/workspace/UIE/datasets/UIEB_Dataset/868_img_.png,FUSION2,0.4276,1.2785,7.6759
/root/workspace/UIE/datasets/UIEB_Dataset/393_img_.png,FUSION2,0.4252,1.1445,7.8104
/root/workspace/UIE/datasets/UIEB_Dataset/55_img_.png,FUSION2,0.4448,1.691,7.903
/root/workspace/UIE/datasets/UIEB_Dataset/182_img_.png,FUSION2,0.4377,1.5225,7.7229
/root/workspace/UIE/datasets/UIEB_Dataset/860_img_.png,FUSION2,0.4232,1.0157,7.7948
/root/workspace/UIE/datasets/UIEB_Dataset/527_img_.png,FUSION2,0.4266,1.742,7.8613
/root/workspace/UIE/datasets/UIEB_Dataset/351_img_.png,FUSION2,0.4317,1.3957,7.7856
/root/workspace/UIE/datasets/UIEB_Dataset/679_img_.png,FUSION2,0.4658,1.1925,7.8272
/root/workspace/UIE/datasets/UIEB_Dataset/485_img_.png,FUSION2,0.4272,0.669,7.6636
/root/workspace/UIE/datasets/UIEB_Dataset/279_img_.png,FUSION2,0.42,0.8574,7.4003
/root/workspace/UIE/datasets/UIEB_Dataset/494_img_.png,FUSION2,0.4563,0.9149,7.7676
/root/workspace/UIE/datasets/UIEB_Dataset/315_img_.png,FUSION2,0.4352,1.3462,7.789
/root/workspace/UIE/datasets/UIEB_Dataset/651.png,FUSION2,0.486,1.0821,7.8122
/root/workspace/UIE/datasets/UIEB_Dataset/342_img_.png,FUSION2,0.4329,1.5696,7.8307
/root/workspace/UIE/datasets/UIEB_Dataset/215_img_.png,FUSION2,0.4454,1.7626,7.8885
/root/workspace/UIE/datasets/UIEB_Dataset/436_img_.png,FUSION2,0.4644,0.8493,7.8956
/root/workspace/UIE/datasets/UIEB_Dataset/10945.png,FUSION2,0.4181,0.8867,7.4658
/root/workspace/UIE/datasets/UIEB_Dataset/124_img_.png,FUSION2,0.4311,1.316,7.639
/root/workspace/UIE/datasets/UIEB_Dataset/880_img_.png,FUSION2,0.4403,1.0071,7.8652
/root/workspace/UIE/datasets/UIEB_Dataset/809_img_.png,FUSION2,0.4444,0.9851,7.7133
/root/workspace/UIE/datasets/UIEB_Dataset/620_img_.png,FUSION2,0.4353,0.5996,7.5347
/root/workspace/UIE/datasets/UIEB_Dataset/590_img_.png,FUSION2,0.4349,1.2059,7.7317
/root/workspace/UIE/datasets/UIEB_Dataset/62_img_.png,FUSION2,0.4431,1.2685,7.6705
/root/workspace/UIE/datasets/UIEB_Dataset/146_img_.png,FUSION2,0.4239,1.2615,7.6542
/root/workspace/UIE/datasets/UIEB_Dataset/207_img_.png,FUSION2,0.4448,1.638,7.9096
/root/workspace/UIE/datasets/UIEB_Dataset/586_img_.png,FUSION2,0.4277,1.5433,7.8063
/root/workspace/UIE/datasets/UIEB_Dataset/696_img_.png,FUSION2,0.4344,1.2335,7.6607
/root/workspace/UIE/datasets/UIEB_Dataset/829_img_.png,FUSION2,0.4364,1.9528,7.5613
/root/workspace/UIE/datasets/UIEB_Dataset/314_img_.png,FUSION2,0.4347,1.0678,7.7733
/root/workspace/UIE/datasets/UIEB_Dataset/573_img_.png,FUSION2,0.4061,0.7811,7.5349
/root/workspace/UIE/datasets/UIEB_Dataset/512_img_.png,FUSION2,0.4415,1.6946,7.8943
/root/workspace/UIE/datasets/UIEB_Dataset/461_img_.png,FUSION2,0.4018,1.2516,7.602
/root/workspace/UIE/datasets/UIEB_Dataset/490_img_.png,FUSION2,0.3769,1.1757,7.3041
/root/workspace/UIE/datasets/UIEB_Dataset/437_img_.png,FUSION2,0.4376,0.8632,7.7878
/root/workspace/UIE/datasets/UIEB_Dataset/627_img_.png,FUSION2,0.4393,0.652,7.609
/root/workspace/UIE/datasets/UIEB_Dataset/12290.png,FUSION2,0.3994,0.4695,6.7117
/root/workspace/UIE/datasets/UIEB_Dataset/242_img_.png,FUSION2,0.4517,2.0364,7.8949
/root/workspace/UIE/datasets/UIEB_Dataset/737_img_.png,FUSION2,0.4451,1.7094,7.9252
/root/workspace/UIE/datasets/UIEB_Dataset/90_img_.png,FUSION2,0.4567,1.3852,7.8185
/root/workspace/UIE/datasets/UIEB_Dataset/112_img_.png,FUSION2,0.4484,1.1423,7.8038
/root/workspace/UIE/datasets/UIEB_Dataset/172_img_.png,FUSION2,0.4481,2.178,7.9482
/root/workspace/UIE/datasets/UIEB_Dataset/336_img_.png,FUSION2,0.447,1.0216,7.8039
/root/workspace/UIE/datasets/UIEB_Dataset/714_img_.png,FUSION2,0.4314,1.0864,7.7148
/root/workspace/UIE/datasets/UIEB_Dataset/3330.png,FUSION2,0.4562,0.7553,7.683
/root/workspace/UIE/datasets/UIEB_Dataset/448_img_.png,FUSION2,0.4431,1.2736,7.6115
/root/workspace/UIE/datasets/UIEB_Dataset/307_img_.png,FUSION2,0.3952,0.8695,7.5874
/root/workspace/UIE/datasets/UIEB_Dataset/290_img_.png,FUSION2,0.4438,1.2167,7.7759
/root/workspace/UIE/datasets/UIEB_Dataset/301_img_.png,FUSION2,0.4198,0.8534,7.3125
/root/workspace/UIE/datasets/UIEB_Dataset/8288.png,FUSION2,0.3945,0.8842,7.4153
/root/workspace/UIE/datasets/UIEB_Dataset/56_img_.png,FUSION2,0.4298,1.3834,7.656
/root/workspace/UIE/datasets/UIEB_Dataset/593_img_.png,FUSION2,0.4488,1.2364,7.8396
/root/workspace/UIE/datasets/UIEB_Dataset/241_img_.png,FUSION2,0.4475,1.4086,7.819
/root/workspace/UIE/datasets/UIEB_Dataset/929_img_.png,FUSION2,0.4681,1.3324,7.8895
/root/workspace/UIE/datasets/UIEB_Dataset/37_img_.png,FUSION2,0.4416,1.6673,7.8701
/root/workspace/UIE/datasets/UIEB_Dataset/606_img_.png,FUSION2,0.4341,1.5352,7.7934
/root/workspace/UIE/datasets/UIEB_Dataset/170_img_.png,FUSION2,0.4198,1.3012,7.6773
/root/workspace/UIE/datasets/UIEB_Dataset/578_img_.png,FUSION2,0.4107,1.0826,7.4112
/root/workspace/UIE/datasets/UIEB_Dataset/67_img_.png,FUSION2,0.4532,1.6895,7.8082
/root/workspace/UIE/datasets/UIEB_Dataset/762_img_.png,FUSION2,0.4579,1.7832,7.9379
/root/workspace/UIE/datasets/UIEB_Dataset/205_img_.png,FUSION2,0.4229,1.4243,7.7086
/root/workspace/UIE/datasets/UIEB_Dataset/851_img_.png,FUSION2,0.4311,1.2737,7.8201
/root/workspace/UIE/datasets/UIEB_Dataset/2_img_.png,FUSION2,0.4437,1.4143,7.731
/root/workspace/UIE/datasets/UIEB_Dataset/156_img_.png,FUSION2,0.4511,1.6423,7.8602
/root/workspace/UIE/datasets/UIEB_Dataset/19_img_.png,FUSION2,0.4396,1.4168,7.8269
/root/workspace/UIE/datasets/UIEB_Dataset/555_img_.png,FUSION2,0.4303,0.9022,7.4939
/root/workspace/UIE/datasets/UIEB_Dataset/588_img_.png,FUSION2,0.4485,1.4351,7.8384
/root/workspace/UIE/datasets/UIEB_Dataset/64_img_.png,FUSION2,0.4371,1.4743,7.7896
/root/workspace/UIE/datasets/UIEB_Dataset/598_img_.png,FUSION2,0.4403,1.2274,7.7824
/root/workspace/UIE/datasets/UIEB_Dataset/131_img_.png,FUSION2,0.4249,1.0219,7.5757
/root/workspace/UIE/datasets/UIEB_Dataset/504_img_.png,FUSION2,0.4153,1.3462,7.4899
/root/workspace/UIE/datasets/UIEB_Dataset/471_img_.png,FUSION2,0.4227,1.0454,7.6413
/root/workspace/UIE/datasets/UIEB_Dataset/159_img_.png,FUSION2,0.437,1.4614,7.8322
/root/workspace/UIE/datasets/UIEB_Dataset/330_img_.png,FUSION2,0.3897,0.5126,7.2561
/root/workspace/UIE/datasets/UIEB_Dataset/904_img_.png,FUSION2,0.4542,0.7051,7.8261
/root/workspace/UIE/datasets/UIEB_Dataset/374_img_.png,FUSION2,0.405,1.0966,7.0931
/root/workspace/UIE/datasets/UIEB_Dataset/222_img_.png,FUSION2,0.4154,0.8121,7.7564
/root/workspace/UIE/datasets/UIEB_Dataset/190_img_.png,FUSION2,0.4494,1.503,7.9475
/root/workspace/UIE/datasets/UIEB_Dataset/52_img_.png,FUSION2,0.4343,1.7734,7.8766
/root/workspace/UIE/datasets/UIEB_Dataset/369_img_.png,FUSION2,0.4294,0.8619,7.6334
/root/workspace/UIE/datasets/UIEB_Dataset/648_img_.png,FUSION2,0.4242,1.4137,7.819
/root/workspace/UIE/datasets/UIEB_Dataset/343_img_.png,FUSION2,0.4311,1.3103,7.7846
/root/workspace/UIE/datasets/UIEB_Dataset/676_img_.png,FUSION2,0.4367,1.6737,7.7
/root/workspace/UIE/datasets/UIEB_Dataset/827_img_.png,FUSION2,0.4418,1.4047,7.755
/root/workspace/UIE/datasets/UIEB_Dataset/78_img_.png,FUSION2,0.4578,1.1873,7.3941
/root/workspace/UIE/datasets/UIEB_Dataset/660_img_.png,FUSION2,0.4396,1.2448,7.7096
/root/workspace/UIE/datasets/UIEB_Dataset/510_img_.png,FUSION2,0.4421,1.2944,7.8043
/root/workspace/UIE/datasets/UIEB_Dataset/173_img_.png,FUSION2,0.4191,1.2322,7.2893
/root/workspace/UIE/datasets/UIEB_Dataset/15426.png,FUSION2,0.4628,0.2658,7.2224
/root/workspace/UIE/datasets/UIEB_Dataset/609_img_.png,FUSION2,0.4482,1.3318,7.8644
/root/workspace/UIE/datasets/UIEB_Dataset/462_img_.png,FUSION2,0.4448,1.0162,7.8355
/root/workspace/UIE/datasets/UIEB_Dataset/685_img_.png,FUSION2,0.4245,1.3894,7.8732
/root/workspace/UIE/datasets/UIEB_Dataset/293_img_.png,FUSION2,0.4486,1.1866,7.8202
/root/workspace/UIE/datasets/UIEB_Dataset/415_img_.png,FUSION2,0.4212,1.3999,7.6516
/root/workspace/UIE/datasets/UIEB_Dataset/876_img_.png,FUSION2,0.4486,1.2377,7.895
/root/workspace/UIE/datasets/UIEB_Dataset/691_img_.png,FUSION2,0.4392,1.1515,7.7801
/root/workspace/UIE/datasets/UIEB_Dataset/721_img_.png,FUSION2,0.4206,1.0905,7.5488
/root/workspace/UIE/datasets/UIEB_Dataset/6872.png,FUSION2,0.3883,0.7202,7.0076
/root/workspace/UIE/datasets/UIEB_Dataset/189_img_.png,FUSION2,0.4389,0.8358,7.3034
/root/workspace/UIE/datasets/UIEB_Dataset/324_img_.png,FUSION2,0.442,1.1608,7.6811
/root/workspace/UIE/datasets/UIEB_Dataset/209_img_.png,FUSION2,0.4455,1.6697,7.8491
/root/workspace/UIE/datasets/UIEB_Dataset/783_img_.png,FUSION2,0.4676,1.4795,7.8799
/root/workspace/UIE/datasets/UIEB_Dataset/259_img_.png,FUSION2,0.4442,1.6608,7.8245
/root/workspace/UIE/datasets/UIEB_Dataset/710_img_.png,FUSION2,0.4559,1.3964,7.4221
/root/workspace/UIE/datasets/UIEB_Dataset/411_img_.png,FUSION2,0.4295,1.221,7.6092
/root/workspace/UIE/datasets/UIEB_Dataset/421_img_.png,FUSION2,0.4324,0.9957,7.805
/root/workspace/UIE/datasets/UIEB_Dataset/262_img_.png,FUSION2,0.4553,1.4241,7.9176
/root/workspace/UIE/datasets/UIEB_Dataset/549_img_.png,FUSION2,0.4037,1.2484,7.5142
/root/workspace/UIE/datasets/UIEB_Dataset/927_img_.png,FUSION2,0.4544,1.3811,7.787
/root/workspace/UIE/datasets/UIEB_Dataset/666_img_.png,FUSION2,0.4516,1.2434,7.8838
/root/workspace/UIE/datasets/UIEB_Dataset/383_img_.png,FUSION2,0.4496,1.2304,7.8281
/root/workspace/UIE/datasets/UIEB_Dataset/747_img_.png,FUSION2,0.4536,0.892,7.8154
/root/workspace/UIE/datasets/UIEB_Dataset/325_img_.png,FUSION2,0.4397,1.3707,7.6673
/root/workspace/UIE/datasets/UIEB_Dataset/306_img_.png,FUSION2,0.4105,0.5832,7.437
/root/workspace/UIE/datasets/UIEB_Dataset/634_img_.png,FUSION2,0.4476,1.1014,7.7551
/root/workspace/UIE/datasets/UIEB_Dataset/184_img_.png,FUSION2,0.4365,1.033,7.7496
/root/workspace/UIE/datasets/UIEB_Dataset/163_img_.png,FUSION2,0.4529,1.7347,7.8992
/root/workspace/UIE/datasets/UIEB_Dataset/706_img_.png,FUSION2,0.4115,0.7755,7.351
/root/workspace/UIE/datasets/UIEB_Dataset/12900.png,FUSION2,0.43,1.1321,7.758
/root/workspace/UIE/datasets/UIEB_Dataset/410_img_.png,FUSION2,0.4139,1.5215,7.5975
/root/workspace/UIE/datasets/UIEB_Dataset/217_img_.png,FUSION2,0.4466,1.9177,7.8973
/root/workspace/UIE/datasets/UIEB_Dataset/759_img_.png,FUSION2,0.4316,1.458,7.8555
/root/workspace/UIE/datasets/UIEB_Dataset/472_img_.png,FUSION2,0.396,1.0245,7.6407
/root/workspace/UIE/datasets/UIEB_Dataset/100_img_.png,FUSION2,0.451,1.4668,7.7883
/root/workspace/UIE/datasets/UIEB_Dataset/680_img_.png,FUSION2,0.4559,1.4128,7.9362
/root/workspace/UIE/datasets/UIEB_Dataset/7027.png,FUSION2,0.3988,0.9706,7.3298
/root/workspace/UIE/datasets/UIEB_Dataset/557.png,FUSION2,0.468,1.0826,7.8547
/root/workspace/UIE/datasets/UIEB_Dataset/579_img_.png,FUSION2,0.4508,1.0568,7.9048
/root/workspace/UIE/datasets/UIEB_Dataset/758_img_.png,FUSION2,0.3995,1.1555,7.6348
/root/workspace/UIE/datasets/UIEB_Dataset/727_img_.png,FUSION2,0.4557,2.0108,7.94
/root/workspace/UIE/datasets/UIEB_Dataset/400_img_.png,FUSION2,0.4085,0.7766,7.0009
/root/workspace/UIE/datasets/UIEB_Dataset/712_img_.png,FUSION2,0.4472,1.113,7.8575
/root/workspace/UIE/datasets/UIEB_Dataset/758.png,FUSION2,0.4819,0.7521,7.5475
/root/workspace/UIE/datasets/UIEB_Dataset/8262.png,FUSION2,0.3904,0.9465,7.3176
/root/workspace/UIE/datasets/UIEB_Dataset/551_img_.png,FUSION2,0.4493,1.6168,7.8901
/root/workspace/UIE/datasets/UIEB_Dataset/441_img_.png,FUSION2,0.4227,1.4221,7.8305
/root/workspace/UIE/datasets/UIEB_Dataset/713_img_.png,FUSION2,0.4512,0.966,7.884
/root/workspace/UIE/datasets/UIEB_Dataset/225_img_.png,FUSION2,0.4306,1.8224,7.7071
/root/workspace/UIE/datasets/UIEB_Dataset/355_img_.png,FUSION2,0.4004,0.561,7.6441
/root/workspace/UIE/datasets/UIEB_Dataset/576_img_.png,FUSION2,0.4416,1.3345,7.8221
/root/workspace/UIE/datasets/UIEB_Dataset/32_img_.png,FUSION2,0.4583,1.4273,7.6923
/root/workspace/UIE/datasets/UIEB_Dataset/708_img_.png,FUSION2,0.4364,1.9528,7.5613
/root/workspace/UIE/datasets/UIEB_Dataset/572_img_.png,FUSION2,0.425,1.3311,7.8268
/root/workspace/UIE/datasets/UIEB_Dataset/149_img_.png,FUSION2,0.4306,1.0158,7.6679
/root/workspace/UIE/datasets/UIEB_Dataset/95_img_.png,FUSION2,0.4458,1.568,7.9164
/root/workspace/UIE/datasets/UIEB_Dataset/905_img_.png,FUSION2,0.4448,0.5858,7.6478
/root/workspace/UIE/datasets/UIEB_Dataset/452_img_.png,FUSION2,0.4487,1.7777,7.74
/root/workspace/UIE/datasets/UIEB_Dataset/478_img_.png,FUSION2,0.466,1.1787,7.6879
/root/workspace/UIE/datasets/UIEB_Dataset/265_img_.png,FUSION2,0.4485,1.2506,7.8479
/root/workspace/UIE/datasets/UIEB_Dataset/122_img_.png,FUSION2,0.4384,1.231,7.6193
/root/workspace/UIE/datasets/UIEB_Dataset/2677.png,FUSION2,0.435,1.3413,7.8741
/root/workspace/UIE/datasets/UIEB_Dataset/543_img_.png,FUSION2,0.4417,1.3359,7.809
/root/workspace/UIE/datasets/UIEB_Dataset/559.png,FUSION2,0.4456,1.0958,7.7978
/root/workspace/UIE/datasets/UIEB_Dataset/722_img_.png,FUSION2,0.4456,1.6607,7.8125
/root/workspace/UIE/datasets/UIEB_Dataset/589_img_.png,FUSION2,0.4286,1.0719,7.5906
/root/workspace/UIE/datasets/UIEB_Dataset/483_img_.png,FUSION2,0.4325,1.506,7.7161
/root/workspace/UIE/datasets/UIEB_Dataset/96_img_.png,FUSION2,0.4474,1.6534,7.9604
/root/workspace/UIE/datasets/UIEB_Dataset/604_img_.png,FUSION2,0.4433,0.9469,7.852
/root/workspace/UIE/datasets/UIEB_Dataset/199_img_.png,FUSION2,0.432,1.3219,7.6985
/root/workspace/UIE/datasets/UIEB_Dataset/582_img_.png,FUSION2,0.4242,1.4137,7.819
/root/workspace/UIE/datasets/UIEB_Dataset/70_img_.png,FUSION2,0.4376,1.3666,7.8433
/root/workspace/UIE/datasets/UIEB_Dataset/619_img_.png,FUSION2,0.4433,0.5559,7.7487
/root/workspace/UIE/datasets/UIEB_Dataset/816_img_.png,FUSION2,0.4791,1.2212,7.8393
/root/workspace/UIE/datasets/UIEB_Dataset/777_img_.png,FUSION2,0.441,1.5828,7.8578
/root/workspace/UIE/datasets/UIEB_Dataset/313_img_.png,FUSION2,0.4288,1.3609,7.835
/root/workspace/UIE/datasets/UIEB_Dataset/24_img_.png,FUSION2,0.4314,1.0879,7.8729
/root/workspace/UIE/datasets/UIEB_Dataset/702_img_.png,FUSION2,0.4439,1.3232,7.5218
/root/workspace/UIE/datasets/UIEB_Dataset/50_img_.png,FUSION2,0.4279,1.1506,7.5585
/root/workspace/UIE/datasets/UIEB_Dataset/109_img_.png,FUSION2,0.3805,1.4966,7.4124
/root/workspace/UIE/datasets/UIEB_Dataset/823_img_.png,FUSION2,0.4336,1.5166,7.6635
/root/workspace/UIE/datasets/UIEB_Dataset/155_img_.png,FUSION2,0.447,1.3281,7.8624
/root/workspace/UIE/datasets/UIEB_Dataset/833_img_.png,FUSION2,0.4364,1.3247,7.7896
/root/workspace/UIE/datasets/UIEB_Dataset/738_img_.png,FUSION2,0.4617,1.3269,7.8537
/root/workspace/UIE/datasets/UIEB_Dataset/766_img_.png,FUSION2,0.4554,1.642,7.9301
/root/workspace/UIE/datasets/UIEB_Dataset/841.png,FUSION2,0.4558,0.7822,7.6625
/root/workspace/UIE/datasets/UIEB_Dataset/130_img_.png,FUSION2,0.4405,1.4277,7.8539
/root/workspace/UIE/datasets/UIEB_Dataset/832_img_.png,FUSION2,0.456,1.9938,7.9346
/root/workspace/UIE/datasets/UIEB_Dataset/695_img_.png,FUSION2,0.4442,1.0847,7.4488
/root/workspace/UIE/datasets/UIEB_Dataset/11_img_.png,FUSION2,0.4252,1.216,7.6591
/root/workspace/UIE/datasets/UIEB_Dataset/655_img_.png,FUSION2,0.4274,1.1347,7.5352
/root/workspace/UIE/datasets/UIEB_Dataset/659_img_.png,FUSION2,0.4218,1.4617,7.5795
/root/workspace/UIE/datasets/UIEB_Dataset/760_img_.png,FUSION2,0.4234,1.6677,7.9271
/root/workspace/UIE/datasets/UIEB_Dataset/216_img_.png,FUSION2,0.4447,1.6011,7.8879
/root/workspace/UIE/datasets/UIEB_Dataset/511_img_.png,FUSION2,0.4162,1.1842,7.673
/root/workspace/UIE/datasets/UIEB_Dataset/612_img_.png,FUSION2,0.4354,1.3523,7.7738
/root/workspace/UIE/datasets/UIEB_Dataset/281_img_.png,FUSION2,0.4426,1.3906,7.8294
/root/workspace/UIE/datasets/UIEB_Dataset/518_img_.png,FUSION2,0.3852,1.4025,7.6887
/root/workspace/UIE/datasets/UIEB_Dataset/140_img_.png,FUSION2,0.43,1.0985,7.6512
/root/workspace/UIE/datasets/UIEB_Dataset/412_img_.png,FUSION2,0.427,1.4881,7.7412
/root/workspace/UIE/datasets/UIEB_Dataset/596_img_.png,FUSION2,0.4469,1.3975,7.8576
/root/workspace/UIE/datasets/UIEB_Dataset/564_img_.png,FUSION2,0.4307,0.6795,7.5893
/root/workspace/UIE/datasets/UIEB_Dataset/581_img_.png,FUSION2,0.4293,0.6811,7.7043
/root/workspace/UIE/datasets/UIEB_Dataset/613_img_.png,FUSION2,0.427,1.0448,7.6553
/root/workspace/UIE/datasets/UIEB_Dataset/677_img_.png,FUSION2,0.4475,1.6699,7.9219
/root/workspace/UIE/datasets/UIEB_Dataset/893_img_.png,FUSION2,0.4347,1.068,7.4798
/root/workspace/UIE/datasets/UIEB_Dataset/802_img_.png,FUSION2,0.447,0.9126,7.7164
/root/workspace/UIE/datasets/UIEB_Dataset/811_img_.png,FUSION2,0.4191,1.5103,7.7535
/root/workspace/UIE/datasets/UIEB_Dataset/117_img_.png,FUSION2,0.4457,1.5766,7.8766
/root/workspace/UIE/datasets/UIEB_Dataset/48_img_.png,FUSION2,0.4202,0.9228,7.8277
/root/workspace/UIE/datasets/UIEB_Dataset/651_img_.png,FUSION2,0.4371,1.1086,7.6404
/root/workspace/UIE/datasets/UIEB_Dataset/890.png,FUSION2,0.4308,1.1991,7.7152
/root/workspace/UIE/datasets/UIEB_Dataset/602_img_.png,FUSION2,0.4434,1.3448,7.8609
/root/workspace/UIE/datasets/UIEB_Dataset/8056.png,FUSION2,0.4186,1.7906,7.6894
/root/workspace/UIE/datasets/UIEB_Dataset/271_img_.png,FUSION2,0.4481,1.3778,7.8606
/root/workspace/UIE/datasets/UIEB_Dataset/463_img_.png,FUSION2,0.4608,1.4466,7.8801
/root/workspace/UIE/datasets/UIEB_Dataset/530_img_.png,FUSION2,0.4665,0.8262,7.711
/root/workspace/UIE/datasets/UIEB_Dataset/288_img_.png,FUSION2,0.4343,1.2363,7.9211
/root/workspace/UIE/datasets/UIEB_Dataset/772_img_.png,FUSION2,0.4491,1.0567,7.8184
/root/workspace/UIE/datasets/UIEB_Dataset/1407.png,FUSION2,0.4474,0.8781,7.6406
/root/workspace/UIE/datasets/UIEB_Dataset/909_img_.png,FUSION2,0.4457,1.3093,7.8624
/root/workspace/UIE/datasets/UIEB_Dataset/804_img_.png,FUSION2,0.4383,1.1159,7.6911
/root/workspace/UIE/datasets/UIEB_Dataset/910_img_.png,FUSION2,0.4402,0.9651,7.6908
/root/workspace/UIE/datasets/UIEB_Dataset/5830.png,FUSION2,0.3945,0.6124,7.3879
/root/workspace/UIE/datasets/UIEB_Dataset/378_img_.png,FUSION2,0.4434,1.5237,7.7971
/root/workspace/UIE/datasets/UIEB_Dataset/517_img_.png,FUSION2,0.4547,1.4201,7.7956
/root/workspace/UIE/datasets/UIEB_Dataset/150_img_.png,FUSION2,0.4398,1.2968,7.7089
/root/workspace/UIE/datasets/UIEB_Dataset/800_img_.png,FUSION2,0.4556,1.3874,7.7953
/root/workspace/UIE/datasets/UIEB_Dataset/10909.png,FUSION2,0.4627,0.9402,7.7811
/root/workspace/UIE/datasets/UIEB_Dataset/97_img_.png,FUSION2,0.4322,1.3649,7.7613
/root/workspace/UIE/datasets/UIEB_Dataset/17_img_.png,FUSION2,0.4432,1.6554,7.8578
/root/workspace/UIE/datasets/UIEB_Dataset/889_img_.png,FUSION2,0.4371,1.1936,7.8809
/root/workspace/UIE/datasets/UIEB_Dataset/380_img_.png,FUSION2,0.4346,1.0586,7.7294
/root/workspace/UIE/datasets/UIEB_Dataset/746_img_.png,FUSION2,0.4412,1.3948,7.9008
/root/workspace/UIE/datasets/UIEB_Dataset/35.png,FUSION2,0.4633,1.4838,7.8746
/root/workspace/UIE/datasets/UIEB_Dataset/647_img_.png,FUSION2,0.4385,0.6662,7.6464
/root/workspace/UIE/datasets/UIEB_Dataset/608_img_.png,FUSION2,0.4425,1.2011,7.7626
/root/workspace/UIE/datasets/UIEB_Dataset/300_img_.png,FUSION2,0.4313,0.9479,7.5712
/root/workspace/UIE/datasets/UIEB_Dataset/841_img_.png,FUSION2,0.4268,1.4293,7.7341
/root/workspace/UIE/datasets/UIEB_Dataset/835_img_.png,FUSION2,0.4418,1.3777,7.5688
/root/workspace/UIE/datasets/UIEB_Dataset/790_img_.png,FUSION2,0.4414,1.6954,7.8239
/root/workspace/UIE/datasets/UIEB_Dataset/907_img_.png,FUSION2,0.4489,1.1939,7.8542
/root/workspace/UIE/datasets/UIEB_Dataset/7643.png,FUSION2,0.4144,1.4842,7.474
/root/workspace/UIE/datasets/UIEB_Dataset/924_img_.png,FUSION2,0.4602,1.7245,7.8591
/root/workspace/UIE/datasets/UIEB_Dataset/433_img_.png,FUSION2,0.4459,1.2389,7.9413
/root/workspace/UIE/datasets/UIEB_Dataset/493_img_.png,FUSION2,0.4354,1.5069,7.6983
/root/workspace/UIE/datasets/UIEB_Dataset/773_img_.png,FUSION2,0.4793,1.017,7.8328
/root/workspace/UIE/datasets/UIEB_Dataset/353_img_.png,FUSION2,0.4299,1.6116,7.8007
/root/workspace/UIE/datasets/UIEB_Dataset/6082.png,FUSION2,0.4262,0.843,7.563
/root/workspace/UIE/datasets/UIEB_Dataset/640_img_.png,FUSION2,0.4442,0.9058,7.7093
/root/workspace/UIE/datasets/UIEB_Dataset/198_img_.png,FUSION2,0.4526,1.4251,7.8977
/root/workspace/UIE/datasets/UIEB_Dataset/793_img_.png,FUSION2,0.4342,1.1422,7.4718
/root/workspace/UIE/datasets/UIEB_Dataset/245_img_.png,FUSION2,0.432,1.6399,7.7589
/root/workspace/UIE/datasets/UIEB_Dataset/678_img_.png,FUSION2,0.4324,0.8266,7.65
/root/workspace/UIE/datasets/UIEB_Dataset/15045.png,FUSION2,0.4448,1.4172,7.9284
/root/workspace/UIE/datasets/UIEB_Dataset/658_img_.png,FUSION2,0.4477,1.0653,7.8598
/root/workspace/UIE/datasets/UIEB_Dataset/782_img_.png,FUSION2,0.4757,1.3769,7.8401
/root/workspace/UIE/datasets/UIEB_Dataset/296_img_.png,FUSION2,0.4013,1.0765,7.7242
/root/workspace/UIE/datasets/UIEB_Dataset/162_img_.png,FUSION2,0.4456,1.476,7.8984
/root/workspace/UIE/datasets/UIEB_Dataset/367_img_.png,FUSION2,0.4446,1.1764,7.878
/root/workspace/UIE/datasets/UIEB_Dataset/819_img_.png,FUSION2,0.4659,0.7521,7.7027
/root/workspace/UIE/datasets/UIEB_Dataset/2774.png,FUSION2,0.4589,0.8013,7.8105
/root/workspace/UIE/datasets/UIEB_Dataset/447_img_.png,FUSION2,0.4321,1.1538,7.824
/root/workspace/UIE/datasets/UIEB_Dataset/201_img_.png,FUSION2,0.4276,1.6327,7.6597
/root/workspace/UIE/datasets/UIEB_Dataset/98_img_.png,FUSION2,0.4504,1.3604,7.8252
/root/workspace/UIE/datasets/UIEB_Dataset/80_img_.png,FUSION2,0.4441,1.5958,7.9098
/root/workspace/UIE/datasets/UIEB_Dataset/7916.png,FUSION2,0.4223,1.2393,7.4836
/root/workspace/UIE/datasets/UIEB_Dataset/923_img_.png,FUSION2,0.4466,1.336,7.456
/root/workspace/UIE/datasets/UIEB_Dataset/43_img_.png,FUSION2,0.4422,1.4299,7.8751
/root/workspace/UIE/datasets/UIEB_Dataset/9900.png,FUSION2,0.4259,0.9976,7.5514
/root/workspace/UIE/datasets/UIEB_Dataset/231_img_.png,FUSION2,0.4214,1.4498,7.6359
/root/workspace/UIE/datasets/UIEB_Dataset/12445.png,FUSION2,0.4313,0.7688,7.5508
/root/workspace/UIE/datasets/UIEB_Dataset/502_img_.png,FUSION2,0.443,0.7716,7.7329
/root/workspace/UIE/datasets/UIEB_Dataset/765_img_.png,FUSION2,0.4498,1.7812,7.8728
/root/workspace/UIE/datasets/UIEB_Dataset/2701.png,FUSION2,0.4691,1.2522,7.7404
/root/workspace/UIE/datasets/UIEB_Dataset/740_img_.png,FUSION2,0.401,1.3964,7.514
/root/workspace/UIE/datasets/UIEB_Dataset/476_img_.png,FUSION2,0.4479,1.1265,7.8786
/root/workspace/UIE/datasets/UIEB_Dataset/507_img_.png,FUSION2,0.4301,1.2346,7.2834
/root/workspace/UIE/datasets/UIEB_Dataset/1539.png,FUSION2,0.465,1.181,7.8471
/root/workspace/UIE/datasets/UIEB_Dataset/601_img_.png,FUSION2,0.4382,1.6649,7.8376
/root/workspace/UIE/datasets/UIEB_Dataset/869_img_.png,FUSION2,0.4503,1.8802,7.8443
/root/workspace/UIE/datasets/UIEB_Dataset/317_img_.png,FUSION2,0.4187,1.1764,7.3548
/root/workspace/UIE/datasets/UIEB_Dataset/616_img_.png,FUSION2,0.4401,0.8982,7.8182
/root/workspace/UIE/datasets/UIEB_Dataset/168_img_.png,FUSION2,0.4202,1.1574,7.5198
/root/workspace/UIE/datasets/UIEB_Dataset/787_img_.png,FUSION2,0.4114,1.1679,7.7633
/root/workspace/UIE/datasets/UIEB_Dataset/526_img_.png,FUSION2,0.4342,1.2642,7.6039
/root/workspace/UIE/datasets/UIEB_Dataset/280_img_.png,FUSION2,0.4336,1.0632,7.8056
/root/workspace/UIE/datasets/UIEB_Dataset/764_img_.png,FUSION2,0.4492,1.5291,7.87
/root/workspace/UIE/datasets/UIEB_Dataset/363_img_.png,FUSION2,0.3893,0.7836,7.4077
/root/workspace/UIE/datasets/UIEB_Dataset/158_img_.png,FUSION2,0.4482,1.6505,7.8503
/root/workspace/UIE/datasets/UIEB_Dataset/213_img_.png,FUSION2,0.4281,1.4006,7.5634
/root/workspace/UIE/datasets/UIEB_Dataset/106_img_.png,FUSION2,0.4369,1.572,7.7185
/root/workspace/UIE/datasets/UIEB_Dataset/429_img_.png,FUSION2,0.4489,1.0939,7.7933
/root/workspace/UIE/datasets/UIEB_Dataset/12433.png,FUSION2,0.437,0.956,7.657
/root/workspace/UIE/datasets/UIEB_Dataset/813_img_.png,FUSION2,0.4191,1.1636,7.6286
/root/workspace/UIE/datasets/UIEB_Dataset/926_img_.png,FUSION2,0.4528,1.5184,7.7449
/root/workspace/UIE/datasets/UIEB_Dataset/444_img_.png,FUSION2,0.4631,1.2096,7.8193
/root/workspace/UIE/datasets/UIEB_Dataset/877_img_.png,FUSION2,0.4099,1.1841,7.8199
/root/workspace/UIE/datasets/UIEB_Dataset/657_img_.png,FUSION2,0.4386,1.2146,7.809
/root/workspace/UIE/datasets/UIEB_Dataset/532_img_.png,FUSION2,0.426,1.1701,7.6914
/root/workspace/UIE/datasets/UIEB_Dataset/166_img_.png,FUSION2,0.4465,1.4392,7.82
/root/workspace/UIE/datasets/UIEB_Dataset/704_img_.png,FUSION2,0.4451,1.2771,7.3505
/root/workspace/UIE/datasets/UIEB_Dataset/674_img_.png,FUSION2,0.4308,1.3523,7.7499
/root/workspace/UIE/datasets/UIEB_Dataset/458_img_.png,FUSION2,0.4329,1.163,7.7848
/root/workspace/UIE/datasets/UIEB_Dataset/861_img_.png,FUSION2,0.4092,1.1668,7.4458
/root/workspace/UIE/datasets/UIEB_Dataset/58_img_.png,FUSION2,0.4321,1.6647,7.8164
/root/workspace/UIE/datasets/UIEB_Dataset/373_img_.png,FUSION2,0.3791,0.7442,6.6373
/root/workspace/UIE/datasets/UIEB_Dataset/731_img_.png,FUSION2,0.4472,1.5447,7.9103
/root/workspace/UIE/datasets/UIEB_Dataset/15003.png,FUSION2,0.411,0.792,7.5337
/root/workspace/UIE/datasets/UIEB_Dataset/682_img_.png,FUSION2,0.4683,1.4152,7.8914
/root/workspace/UIE/datasets/UIEB_Dataset/531_img_.png,FUSION2,0.4339,0.6728,7.7254
/root/workspace/UIE/datasets/UIEB_Dataset/881_img_.png,FUSION2,0.451,1.3087,7.7137
/root/workspace/UIE/datasets/UIEB_Dataset/3925.png,FUSION2,0.4367,0.9046,7.6535
/root/workspace/UIE/datasets/UIEB_Dataset/757_img_.png,FUSION2,0.4507,1.2019,7.6554
/root/workspace/UIE/datasets/UIEB_Dataset/277_img_.png,FUSION2,0.4406,0.6594,7.4829
/root/workspace/UIE/datasets/UIEB_Dataset/16_img_.png,FUSION2,0.445,1.2823,7.7509
/root/workspace/UIE/datasets/UIEB_Dataset/139_img_.png,FUSION2,0.4156,1.5688,7.6792
/root/workspace/UIE/datasets/UIEB_Dataset/459_img_.png,FUSION2,0.4393,1.4478,7.8271
/root/workspace/UIE/datasets/UIEB_Dataset/247_img_.png,FUSION2,0.4383,1.6917,7.8296
/root/workspace/UIE/datasets/UIEB_Dataset/133_img_.png,FUSION2,0.4385,1.4774,7.8744
/root/workspace/UIE/datasets/UIEB_Dataset/569_img_.png,FUSION2,0.4367,0.8649,7.4902
/root/workspace/UIE/datasets/UIEB_Dataset/236_img_.png,FUSION2,0.4387,1.5946,7.8298
/root/workspace/UIE/datasets/UIEB_Dataset/185_img_.png,FUSION2,0.4438,1.4788,7.9122
/root/workspace/UIE/datasets/UIEB_Dataset/4.png,FUSION2,0.4394,0.6795,7.6854
/root/workspace/UIE/datasets/UIEB_Dataset/788_img_.png,FUSION2,0.4439,1.1826,7.7683
/root/workspace/UIE/datasets/UIEB_Dataset/11064.png,FUSION2,0.4844,0.833,7.6445
/root/workspace/UIE/datasets/UIEB_Dataset/287_img_.png,FUSION2,0.4518,1.279,7.5382
/root/workspace/UIE/datasets/UIEB_Dataset/31.png,FUSION2,0.4567,1.1313,7.8238
/root/workspace/UIE/datasets/UIEB_Dataset/623_img_.png,FUSION2,0.4363,1.067,7.6443
/root/workspace/UIE/datasets/UIEB_Dataset/153_img_.png,FUSION2,0.4059,1.2224,7.4574
/root/workspace/UIE/datasets/UIEB_Dataset/752_img_.png,FUSION2,0.4475,1.601,7.8104
/root/workspace/UIE/datasets/UIEB_Dataset/906_img_.png,FUSION2,0.4547,0.9088,7.9205
/root/workspace/UIE/datasets/UIEB_Dataset/28_img_.png,FUSION2,0.4445,1.4207,7.8549
/root/workspace/UIE/datasets/UIEB_Dataset/806_img_.png,FUSION2,0.4457,1.6633,7.917
/root/workspace/UIE/datasets/UIEB_Dataset/912_img_.png,FUSION2,0.3578,0.5744,7.3712
/root/workspace/UIE/datasets/UIEB_Dataset/311_img_.png,FUSION2,0.4315,1.4874,7.8549
/root/workspace/UIE/datasets/UIEB_Dataset/1225.png,FUSION2,0.4492,1.2978,7.7388
/root/workspace/UIE/datasets/UIEB_Dataset/7_img_.png,FUSION2,0.3741,1.01,6.9182
/root/workspace/UIE/datasets/UIEB_Dataset/515_img_.png,FUSION2,0.4428,1.1005,7.8185
/root/workspace/UIE/datasets/UIEB_Dataset/260_img_.png,FUSION2,0.4322,0.9448,7.679
/root/workspace/UIE/datasets/UIEB_Dataset/89_img_.png,FUSION2,0.4115,1.4487,7.4209
/root/workspace/UIE/datasets/UIEB_Dataset/30_img_.png,FUSION2,0.4323,1.5638,7.6205
/root/workspace/UIE/datasets/UIEB_Dataset/668_img_.png,FUSION2,0.4382,1.022,7.8576
/root/workspace/UIE/datasets/UIEB_Dataset/381_img_.png,FUSION2,0.4329,1.2639,7.5598
/root/workspace/UIE/datasets/UIEB_Dataset/863_img_.png,FUSION2,0.4268,1.4334,7.7825
/root/workspace/UIE/datasets/UIEB_Dataset/6_img_.png,FUSION2,0.4308,1.3816,7.8847
/root/workspace/UIE/datasets/UIEB_Dataset/707_img_.png,FUSION2,0.4434,1.4824,7.7771
/root/workspace/UIE/datasets/UIEB_Dataset/2787.png,FUSION2,0.4309,0.6741,7.5027
/root/workspace/UIE/datasets/UIEB_Dataset/921_img_.png,FUSION2,0.4265,0.801,7.6431
/root/workspace/UIE/datasets/UIEB_Dataset/799_img_.png,FUSION2,0.4376,1.4514,7.6495
/root/workspace/UIE/datasets/UIEB_Dataset/865_img_.png,FUSION2,0.4335,1.2918,7.7803
/root/workspace/UIE/datasets/UIEB_Dataset/1742.png,FUSION2,0.4431,1.3099,7.6654
/root/workspace/UIE/datasets/UIEB_Dataset/694_img_.png,FUSION2,0.4419,1.1814,7.8707
/root/workspace/UIE/datasets/UIEB_Dataset/879_img_.png,FUSION2,0.4195,1.0167,7.6326
/root/workspace/UIE/datasets/UIEB_Dataset/688_img_.png,FUSION2,0.4308,1.4248,7.668
/root/workspace/UIE/datasets/UIEB_Dataset/808_img_.png,FUSION2,0.423,0.8451,7.5476
/root/workspace/UIE/datasets/UIEB_Dataset/178_img_.png,FUSION2,0.4323,1.2976,7.774
/root/workspace/UIE/datasets/UIEB_Dataset/798_img_.png,FUSION2,0.4533,0.5689,7.6721
/root/workspace/UIE/datasets/UIEB_Dataset/592_img_.png,FUSION2,0.4331,1.1137,7.8282
/root/workspace/UIE/datasets/UIEB_Dataset/365_img_.png,FUSION2,0.4263,1.6095,7.6996
/root/workspace/UIE/datasets/UIEB_Dataset/151_img_.png,FUSION2,0.4197,1.1129,7.4632
/root/workspace/UIE/datasets/UIEB_Dataset/705_img_.png,FUSION2,0.4418,1.4146,7.7714
/root/workspace/UIE/datasets/UIEB_Dataset/670_img_.png,FUSION2,0.4208,1.217,7.788
/root/workspace/UIE/datasets/UIEB_Dataset/603_img_.png,FUSION2,0.4343,1.1636,7.832
/root/workspace/UIE/datasets/UIEB_Dataset/599_img_.png,FUSION2,0.4345,1.2282,7.6698
/root/workspace/UIE/datasets/UIEB_Dataset/428_img_.png,FUSION2,0.4271,0.7124,7.8657
/root/workspace/UIE/datasets/UIEB_Dataset/466_img_.png,FUSION2,0.4256,1.3753,7.8253
/root/workspace/UIE/datasets/UIEB_Dataset/253_img_.png,FUSION2,0.4452,1.8838,7.8771
/root/workspace/UIE/datasets/UIEB_Dataset/570_img_.png,FUSION2,0.4477,1.2868,7.9027
/root/workspace/UIE/datasets/UIEB_Dataset/498_img_.png,FUSION2,0.4281,1.1169,7.6252
/root/workspace/UIE/datasets/UIEB_Dataset/896_img_.png,FUSION2,0.4404,0.9185,7.4115
/root/workspace/UIE/datasets/UIEB_Dataset/753_img_.png,FUSION2,0.4357,1.4774,7.6587
/root/workspace/UIE/datasets/UIEB_Dataset/302_img_.png,FUSION2,0.4195,0.8313,7.6742
/root/workspace/UIE/datasets/UIEB_Dataset/626_img_.png,FUSION2,0.4481,1.0611,7.8407
/root/workspace/UIE/datasets/UIEB_Dataset/304_img_.png,FUSION2,0.4446,1.8784,7.9256
/root/workspace/UIE/datasets/UIEB_Dataset/615_img_.png,FUSION2,0.4408,0.9406,7.5288
/root/workspace/UIE/datasets/UIEB_Dataset/703_img_.png,FUSION2,0.4513,1.149,7.6631
/root/workspace/UIE/datasets/UIEB_Dataset/413_img_.png,FUSION2,0.443,1.6061,7.6411
/root/workspace/UIE/datasets/UIEB_Dataset/749_img_.png,FUSION2,0.4486,1.3728,7.793
/root/workspace/UIE/datasets/UIEB_Dataset/276_img_.png,FUSION2,0.4408,0.9855,7.7911
/root/workspace/UIE/datasets/UIEB_Dataset/663_img_.png,FUSION2,0.423,1.3689,7.7487
/root/workspace/UIE/datasets/UIEB_Dataset/42_img_.png,FUSION2,0.4333,1.4231,7.5894
/root/workspace/UIE/datasets/UIEB_Dataset/274_img_.png,FUSION2,0.4335,0.9724,7.9106
/root/workspace/UIE/datasets/UIEB_Dataset/837_img_.png,FUSION2,0.4354,0.7994,7.8718
/root/workspace/UIE/datasets/UIEB_Dataset/15_img_.png,FUSION2,0.4278,1.5833,7.668
/root/workspace/UIE/datasets/UIEB_Dataset/540_img_.png,FUSION2,0.4349,1.2607,7.8768
/root/workspace/UIE/datasets/UIEB_Dataset/108_img_.png,FUSION2,0.3635,1.1427,7.3467
/root/workspace/UIE/datasets/UIEB_Dataset/177_img_.png,FUSION2,0.4304,1.1853,7.6083
/root/workspace/UIE/datasets/UIEB_Dataset/595_img_.png,FUSION2,0.4473,1.2666,7.8783
/root/workspace/UIE/datasets/UIEB_Dataset/558_img_.png,FUSION2,0.4352,1.3473,7.7759
/root/workspace/UIE/datasets/UIEB_Dataset/820_img_.png,FUSION2,0.4464,1.6955,7.923
/root/workspace/UIE/datasets/UIEB_Dataset/183_img_.png,FUSION2,0.4232,1.3029,7.635
/root/workspace/UIE/datasets/UIEB_Dataset/477_img_.png,FUSION2,0.4396,1.4839,7.8266
/root/workspace/UIE/datasets/UIEB_Dataset/226_img_.png,FUSION2,0.431,1.4808,7.6338
/root/workspace/UIE/datasets/UIEB_Dataset/395_img_.png,FUSION2,0.4019,1.1429,7.5315
/root/workspace/UIE/datasets/UIEB_Dataset/481_img_.png,FUSION2,0.409,1.3989,7.62
/root/workspace/UIE/datasets/UIEB_Dataset/282_img_.png,FUSION2,0.429,1.4483,7.641
/root/workspace/UIE/datasets/UIEB_Dataset/858_img_.png,FUSION2,0.4388,0.8825,7.7686
/root/workspace/UIE/datasets/UIEB_Dataset/915_img_.png,FUSION2,0.4691,0.8681,7.7711
/root/workspace/UIE/datasets/UIEB_Dataset/732_img_.png,FUSION2,0.4379,1.5365,7.8647
/root/workspace/UIE/datasets/UIEB_Dataset/744_img_.png,FUSION2,0.458,1.5127,7.8426
/root/workspace/UIE/datasets/UIEB_Dataset/114_img_.png,FUSION2,0.4235,1.154,7.5506
/root/workspace/UIE/datasets/UIEB_Dataset/873_img_.png,FUSION2,0.451,0.5497,7.7519
/root/workspace/UIE/datasets/UIEB_Dataset/3947.png,FUSION2,0.4287,0.8149,7.6918
/root/workspace/UIE/datasets/UIEB_Dataset/376_img_.png,FUSION2,0.4366,1.144,7.647
/root/workspace/UIE/datasets/UIEB_Dataset/828_img_.png,FUSION2,0.4411,1.3702,7.7814
/root/workspace/UIE/datasets/UIEB_Dataset/74_img_.png,FUSION2,0.4159,1.0799,7.5567
/root/workspace/UIE/datasets/UIEB_Dataset/389_img_.png,FUSION2,0.4247,1.1134,7.5734
/root/workspace/UIE/datasets/UIEB_Dataset/79_img_.png,FUSION2,0.4368,1.8785,7.7743
/root/workspace/UIE/datasets/UIEB_Dataset/102_img_.png,FUSION2,0.4473,0.5026,7.7222
/root/workspace/UIE/datasets/UIEB_Dataset/866_img_.png,FUSION2,0.4502,1.638,7.9313
/root/workspace/UIE/datasets/UIEB_Dataset/401_img_.png,FUSION2,0.4167,1.0589,7.3111
/root/workspace/UIE/datasets/UIEB_Dataset/718_img_.png,FUSION2,0.4387,1.0175,7.6229
/root/workspace/UIE/datasets/UIEB_Dataset/442_img_.png,FUSION2,0.4297,1.6457,7.8444
/root/workspace/UIE/datasets/UIEB_Dataset/299_img_.png,FUSION2,0.4261,0.658,7.4334
/root/workspace/UIE/datasets/UIEB_Dataset/908_img_.png,FUSION2,0.4363,1.17,7.8629
/root/workspace/UIE/datasets/UIEB_Dataset/610_img_.png,FUSION2,0.4245,0.9158,7.6988
/root/workspace/UIE/datasets/UIEB_Dataset/874_img_.png,FUSION2,0.4287,0.899,7.6661
/root/workspace/UIE/datasets/UIEB_Dataset/160_img_.png,FUSION2,0.4468,1.3714,7.8166
/root/workspace/UIE/datasets/UIEB_Dataset/536_img_.png,FUSION2,0.4458,1.6738,7.8147
/root/workspace/UIE/datasets/UIEB_Dataset/385_img_.png,FUSION2,0.4265,0.8753,7.0783
/root/workspace/UIE/datasets/UIEB_Dataset/113_img_.png,FUSION2,0.43,0.7414,7.672
/root/workspace/UIE/datasets/UIEB_Dataset/792_img_.png,FUSION2,0.443,1.6942,7.777
/root/workspace/UIE/datasets/UIEB_Dataset/261_img_.png,FUSION2,0.443,1.7204,7.8363
/root/workspace/UIE/datasets/UIEB_Dataset/544_img_.png,FUSION2,0.4358,1.1763,7.6243
/root/workspace/UIE/datasets/UIEB_Dataset/9554.png,FUSION2,0.468,0.9736,7.9011
/root/workspace/UIE/datasets/UIEB_Dataset/51_img_.png,FUSION2,0.4277,1.488,7.671
/root/workspace/UIE/datasets/UIEB_Dataset/748_img_.png,FUSION2,0.4303,1.0605,7.7356
/root/workspace/UIE/datasets/UIEB_Dataset/270_img_.png,FUSION2,0.4273,1.4168,7.7926
/root/workspace/UIE/datasets/UIEB_Dataset/859_img_.png,FUSION2,0.4155,1.005,7.5935
/root/workspace/UIE/datasets/UIEB_Dataset/709_img_.png,FUSION2,0.4344,0.7884,7.2277
/root/workspace/UIE/datasets/UIEB_Dataset/82_img_.png,FUSION2,0.4417,1.7232,7.9165
/root/workspace/UIE/datasets/UIEB_Dataset/856_img_.png,FUSION2,0.4215,1.1493,7.764
/root/workspace/UIE/datasets/UIEB_Dataset/901_img_.png,FUSION2,0.4504,1.0463,7.9161
/root/workspace/UIE/datasets/UIEB_Dataset/144_img_.png,FUSION2,0.4396,1.4163,7.8769
/root/workspace/UIE/datasets/UIEB_Dataset/815_img_.png,FUSION2,0.4425,1.89,7.9013
/root/workspace/UIE/datasets/UIEB_Dataset/850_img_.png,FUSION2,0.4494,1.1187,7.5773
/root/workspace/UIE/datasets/UIEB_Dataset/360_img_.png,FUSION2,0.4135,0.7502,7.4923
/root/workspace/UIE/datasets/UIEB_Dataset/914_img_.png,FUSION2,0.3802,1.424,7.5183
/root/workspace/UIE/datasets/UIEB_Dataset/741_img_.png,FUSION2,0.4475,1.6079,7.8845
/root/workspace/UIE/datasets/UIEB_Dataset/350_img_.png,FUSION2,0.4392,1.4577,7.8144
/root/workspace/UIE/datasets/UIEB_Dataset/872_img_.png,FUSION2,0.3893,0.7603,7.4358
/root/workspace/UIE/datasets/UIEB_Dataset/107_img_.png,FUSION2,0.3998,0.5436,7.5438
/root/workspace/UIE/datasets/UIEB_Dataset/12324.png,FUSION2,0.4109,0.6979,7.1871
/root/workspace/UIE/datasets/UIEB_Dataset/638_img_.png,FUSION2,0.4106,1.1049,7.669
/root/workspace/UIE/datasets/UIEB_Dataset/323_img_.png,FUSION2,0.4321,1.4278,7.694
/root/workspace/UIE/datasets/UIEB_Dataset/419_img_.png,FUSION2,0.4162,1.2693,7.6587
/root/workspace/UIE/datasets/UIEB_Dataset/491_img_.png,FUSION2,0.4387,1.1555,7.6111
/root/workspace/UIE/datasets/UIEB_Dataset/450_img_.png,FUSION2,0.4519,0.9057,7.6884
/root/workspace/UIE/datasets/UIEB_Dataset/779_img_.png,FUSION2,0.4382,1.6302,7.7994
/root/workspace/UIE/datasets/UIEB_Dataset/13_img_.png,FUSION2,0.4401,1.2412,7.5692
/root/workspace/UIE/datasets/UIEB_Dataset/46_img_.png,FUSION2,0.4128,0.7645,7.5054
/root/workspace/UIE/datasets/UIEB_Dataset/891_img_.png,FUSION2,0.4396,1.3121,7.7889
/root/workspace/UIE/datasets/UIEB_Dataset/453_img_.png,FUSION2,0.438,0.7709,7.8117
/root/workspace/UIE/datasets/UIEB_Dataset/632_img_.png,FUSION2,0.4461,0.9596,7.8165
/root/workspace/UIE/datasets/UIEB_Dataset/464_img_.png,FUSION2,0.4341,1.4762,7.6867
/root/workspace/UIE/datasets/UIEB_Dataset/334_img_.png,FUSION2,0.4329,1.6114,7.6953
/root/workspace/UIE/datasets/UIEB_Dataset/795_img_.png,FUSION2,0.4509,1.4049,7.6729
/root/workspace/UIE/datasets/UIEB_Dataset/11052.png,FUSION2,0.4745,0.921,7.8893
/root/workspace/UIE/datasets/UIEB_Dataset/101_img_.png,FUSION2,0.4451,0.8943,7.9241
/root/workspace/UIE/datasets/UIEB_Dataset/224_img_.png,FUSION2,0.4348,1.6074,7.7435
/root/workspace/UIE/datasets/UIEB_Dataset/810_img_.png,FUSION2,0.3715,1.16,7.2487
/root/workspace/UIE/datasets/UIEB_Dataset/384_img_.png,FUSION2,0.3937,0.9887,7.384
/root/workspace/UIE/datasets/UIEB_Dataset/567_img_.png,FUSION2,0.3613,1.1732,7.2964
/root/workspace/UIE/datasets/UIEB_Dataset/3001.png,FUSION2,0.4442,0.8775,7.4603
/root/workspace/UIE/datasets/UIEB_Dataset/911_img_.png,FUSION2,0.4356,1.0594,7.7884
/root/workspace/UIE/datasets/UIEB_Dataset/359_img_.png,FUSION2,0.4205,0.8906,7.1036
/root/workspace/UIE/datasets/UIEB_Dataset/326_img_.png,FUSION2,0.4208,1.1298,7.554
/root/workspace/UIE/datasets/UIEB_Dataset/5818.png,FUSION2,0.3906,0.7173,7.6878
/root/workspace/UIE/datasets/UIEB_Dataset/221_img_.png,FUSION2,0.4391,1.0653,7.7492
/root/workspace/UIE/datasets/UIEB_Dataset/916_img_.png,FUSION2,0.4478,1.664,7.9277
/root/workspace/UIE/datasets/UIEB_Dataset/537_img_.png,FUSION2,0.4419,1.5218,7.813
/root/workspace/UIE/datasets/UIEB_Dataset/735_img_.png,FUSION2,0.4198,1.8339,7.5522
/root/workspace/UIE/datasets/UIEB_Dataset/552_img_.png,FUSION2,0.4245,1.4057,7.7843
/root/workspace/UIE/datasets/UIEB_Dataset/197_img_.png,FUSION2,0.4444,1.2637,7.8651
/root/workspace/UIE/datasets/UIEB_Dataset/818_img_.png,FUSION2,0.4155,1.2819,7.5663
/root/workspace/UIE/datasets/UIEB_Dataset/3202.png,FUSION2,0.4284,0.81,7.1345
/root/workspace/UIE/datasets/UIEB_Dataset/212_img_.png,FUSION2,0.4601,1.5366,7.9193
/root/workspace/UIE/datasets/UIEB_Dataset/12422.png,FUSION2,0.4336,0.8034,7.7891
/root/workspace/UIE/datasets/UIEB_Dataset/328_img_.png,FUSION2,0.4248,1.1588,7.7882
/root/workspace/UIE/datasets/UIEB_Dataset/104_img_.png,FUSION2,0.3899,1.0842,7.3661
/root/workspace/UIE/datasets/UIEB_Dataset/5554.png,FUSION2,0.4127,0.9068,7.5334
/root/workspace/UIE/datasets/UIEB_Dataset/729_img_.png,FUSION2,0.4105,1.3322,7.749
/root/workspace/UIE/datasets/UIEB_Dataset/157_img_.png,FUSION2,0.425,1.2431,7.6138
/root/workspace/UIE/datasets/UIEB_Dataset/305_img_.png,FUSION2,0.4177,1.2021,7.3946
/root/workspace/UIE/datasets/UIEB_Dataset/120_img_.png,FUSION2,0.4294,1.0878,7.4264
/root/workspace/UIE/datasets/UIEB_Dataset/179_img_.png,FUSION2,0.4261,1.7171,7.8174
/root/workspace/UIE/datasets/UIEB_Dataset/611_img_.png,FUSION2,0.4215,1.3951,7.6408
/root/workspace/UIE/datasets/UIEB_Dataset/192_img_.png,FUSION2,0.4441,1.6182,7.8241
/root/workspace/UIE/datasets/UIEB_Dataset/895_img_.png,FUSION2,0.4277,1.1632,7.7115
/root/workspace/UIE/datasets/UIEB_Dataset/292_img_.png,FUSION2,0.4554,0.8271,7.8116
/root/workspace/UIE/datasets/UIEB_Dataset/129_img_.png,FUSION2,0.4388,1.5179,7.7502
/root/workspace/UIE/datasets/UIEB_Dataset/14_img_.png,FUSION2,0.4501,1.0568,7.7948
/root/workspace/UIE/datasets/UIEB_Dataset/15113.png,FUSION2,0.4237,1.4859,7.8058
/root/workspace/UIE/datasets/UIEB_Dataset/791_img_.png,FUSION2,0.4261,1.4719,7.5301
/root/workspace/UIE/datasets/UIEB_Dataset/174_img_.png,FUSION2,0.4296,1.1058,7.8534
/root/workspace/UIE/datasets/UIEB_Dataset/91_img_.png,FUSION2,0.4272,0.5785,7.3408
/root/workspace/UIE/datasets/UIEB_Dataset/394_img_.png,FUSION2,0.4147,1.5499,7.6824
/root/workspace/UIE/datasets/UIEB_Dataset/406_img_.png,FUSION2,0.4285,0.8652,7.4935
/root/workspace/UIE/datasets/UIEB_Dataset/10139.png,FUSION2,0.4029,0.9252,7.4032
/root/workspace/UIE/datasets/UIEB_Dataset/4_img_.png,FUSION2,0.4493,1.4912,7.8139
/root/workspace/UIE/datasets/UIEB_Dataset/629_img_.png,FUSION2,0.4331,1.5319,7.8384
/root/workspace/UIE/datasets/UIEB_Dataset/356_img_.png,FUSION2,0.4297,1.0803,7.6393
/root/workspace/UIE/datasets/UIEB_Dataset/53_img_.png,FUSION2,0.4372,1.2157,7.5656
/media/users/leo/workspace/UIE/datasets/UIDEF_S/Different_View_Forward_00652_Img.jpg,FUSION2,0.4594,0.9565,7.7054
/media/users/leo/workspace/UIE/datasets/UIDEF_S/Distorted_Color_Bluish_00042_Img.jpg,FUSION2,0.442,1.0176,7.6023
/media/users/leo/workspace/UIE/datasets/UIDEF_S/Distorted_Color_Bluish_00883_Img.jpg,FUSION2,0.4503,1.1652,7.7318
/media/users/leo/workspace/UIE/datasets/UIDEF_S/Turbid_Scene_00564_Img.jpg,FUSION2,0.446,1.1718,7.8163
/media/users/leo/workspace/UIE/datasets/UIDEF_S/Distorted_Color_Bluish_00366_Img.jpg,FUSION2,0.4404,1.4746,7.8097
/media/users/leo/workspace/UIE/datasets/UIDEF_S/Dim_Scene_00542_Img.jpg,FUSION2,0.4325,1.3273,7.802
/media/users/leo/workspace/UIE/datasets/UIDEF_S/Turbid_Scene_00927_Img.jpg,FUSION2,0.4273,1.2618,7.823
/media/users/leo/workspace/UIE/datasets/UIDEF_S/Different_View_Forward_00316_Img.jpg,FUSION2,0.4634,1.0369,7.7897
/media/users/leo/workspace/UIE/datasets/UIDEF_S/Uneven-brightness_Scene_00441_Img.jpg,FUSION2,0.4569,0.5974,7.7031
/media/users/leo/workspace/UIE/datasets/UIDEF_S/Dim_Scene_00538_Img.jpg,FUSION2,0.4241,1.3608,7.8062
/media/users/leo/workspace/UIE/datasets/UIDEF_S/Turbid_Scene_00654_Img.jpg,FUSION2,0.4395,0.9917,7.8715
/media/users/leo/workspace/UIE/datasets/UIDEF_S/Different_View_Forward_00856_Img.jpg,FUSION2,0.4547,0.3952,7.8881
/media/users/leo/workspace/UIE/datasets/UIDEF_S/Dim_Scene_00712_Img.jpg,FUSION2,0.444,1.0607,7.8421
/media/users/leo/workspace/UIE/datasets/UIDEF_S/Different_View_Downward_00104_Img.jpg,FUSION2,0.439,1.8182,7.895
/media/users/leo/workspace/UIE/datasets/UIDEF_S/Different_View_Forward_00772_Img.jpg,FUSION2,0.4356,0.7798,7.714
/media/users/leo/workspace/UIE/datasets/UIDEF_S/Uneven-brightness_Scene_00016_Img.jpg,FUSION2,0.4445,0.6406,7.7069
/media/users/leo/workspace/UIE/datasets/UIDEF_S/Turbid_Scene_00583_Img.jpg,FUSION2,0.4613,0.8115,7.9056
/media/users/leo/workspace/UIE/datasets/UIDEF_S/Turbid_Scene_00603_Img.jpg,FUSION2,0.4622,0.7066,7.8752
/media/users/leo/workspace/UIE/datasets/UIDEF_S/Different_View_Upward_00182_Img.jpg,FUSION2,0.4254,0.3185,7.5105
/media/users/leo/workspace/UIE/datasets/UIDEF_S/Different_View_Downward_00185_Img.jpg,FUSION2,0.4462,1.4845,7.8861
/media/users/leo/workspace/UIE/datasets/UIDEF_S/Dim_Scene_00389_Img.jpg,FUSION2,0.4418,1.0582,7.8546
/media/users/leo/workspace/UIE/datasets/UIDEF_S/Distorted_Color_Greenish_00581_Img.jpg,FUSION2,0.4472,1.6885,7.9316
/media/users/leo/workspace/UIE/datasets/UIDEF_S/Distorted_Color_Bluish_00186_Img.jpg,FUSION2,0.4559,1.1812,7.7273
/media/users/leo/workspace/UIE/datasets/UIDEF_S/Uneven-brightness_Scene_00424_Img.jpg,FUSION2,0.4216,0.6826,7.6812
/media/users/leo/workspace/UIE/datasets/UIDEF_S/Blur_Perception_00239_Img.jpg,FUSION2,0.4526,0.9698,7.9076
/media/users/leo/workspace/UIE/datasets/UIDEF_S/Dim_Scene_00892_Img.jpg,FUSION2,0.4599,0.8334,7.6957
/media/users/leo/workspace/UIE/datasets/UIDEF_S/Different_View_Downward_00488_Img.jpg,FUSION2,0.4445,1.5179,7.9142
/media/users/leo/workspace/UIE/datasets/UIDEF_S/Turbid_Scene_00507_Img.jpg,FUSION2,0.4222,1.4146,7.7524
/media/users/leo/workspace/UIE/datasets/UIDEF_S/Distorted_Color_Yellowish_00175_Img.jpg,FUSION2,0.4436,1.6596,7.9209
/media/users/leo/workspace/UIE/datasets/UIDEF_S/Low_Contrast_00334_Img.jpg,FUSION2,0.4306,1.2976,7.587
/media/users/leo/workspace/UIE/datasets/UIDEF_S/Different_View_Forward_00089_Img.jpg,FUSION2,0.4584,1.2668,7.7002
/media/users/leo/workspace/UIE/datasets/UIDEF_S/Dim_Scene_00126_Img.jpg,FUSION2,0.4201,0.9777,7.677
/media/users/leo/workspace/UIE/datasets/UIDEF_S/Turbid_Scene_00954_Img.jpg,FUSION2,0.4533,0.9403,7.8473
/media/users/leo/workspace/UIE/datasets/UIDEF_S/Different_View_Forward_00585_Img.jpg,FUSION2,0.447,1.025,7.4968
/media/users/leo/workspace/UIE/datasets/UIDEF_S/Dim_Scene_00040_Img.jpg,FUSION2,0.4593,1.0821,7.8559
/media/users/leo/workspace/UIE/datasets/UIDEF_S/Uneven-brightness_Scene_00057_Img.jpg,FUSION2,0.4584,0.7799,7.8854
/media/users/leo/workspace/UIE/datasets/UIDEF_S/Dim_Scene_00568_Img.jpg,FUSION2,0.4435,1.2719,7.8388
/media/users/leo/workspace/UIE/datasets/UIDEF_S/Different_View_Forward_00424_Img.jpg,FUSION2,0.456,1.3929,7.7163
/media/users/leo/workspace/UIE/datasets/UIDEF_S/Dim_Scene_00473_Img.jpg,FUSION2,0.4379,1.0706,7.7803
/media/users/leo/workspace/UIE/datasets/UIDEF_S/Turbid_Scene_00806_Img.jpg,FUSION2,0.4451,1.0181,7.8566
/media/users/leo/workspace/UIE/datasets/UIDEF_S/Low_Contrast_00550_Img.jpg,FUSION2,0.4463,1.1078,7.8855
/media/users/leo/workspace/UIE/datasets/UIDEF_S/Different_View_Forward_00970_Img.jpg,FUSION2,0.4352,0.5812,7.7458
/media/users/leo/workspace/UIE/datasets/UIDEF_S/Dim_Scene_00574_Img.jpg,FUSION2,0.4462,1.1867,7.8599
/media/users/leo/workspace/UIE/datasets/UIDEF_S/Dim_Scene_00920_Img.jpg,FUSION2,0.4405,0.858,7.6246
/media/users/leo/workspace/UIE/datasets/UIDEF_S/Different_View_Forward_00067_Img.jpg,FUSION2,0.4484,1.0935,7.5401
/media/users/leo/workspace/UIE/datasets/UIDEF_S/Low_Contrast_00981_Img.jpg,FUSION2,0.4529,1.2599,7.896
/media/users/leo/workspace/UIE/datasets/UIDEF_S/Turbid_Scene_00761_Img.jpg,FUSION2,0.4536,0.7722,7.8188
/media/users/leo/workspace/UIE/datasets/UIDEF_S/Dim_Scene_00940_Img.jpg,FUSION2,0.3768,1.0769,7.5799
/media/users/leo/workspace/UIE/datasets/UIDEF_S/Distorted_Color_Bluish_00690_Img.jpg,FUSION2,0.4687,1.1162,7.7034
/media/users/leo/workspace/UIE/datasets/UIDEF_S/Different_View_Upward_00125_Img.jpg,FUSION2,0.4247,0.3365,7.5365
/media/users/leo/workspace/UIE/datasets/UIDEF_S/Dim_Scene_00968_Img.jpg,FUSION2,0.3861,1.1119,7.6351
/media/users/leo/workspace/UIE/datasets/UIDEF_S/Dim_Scene_00346_Img.jpg,FUSION2,0.4428,1.0859,7.7909
/media/users/leo/workspace/UIE/datasets/UIDEF_S/Uneven-brightness_Scene_00153_Img.jpg,FUSION2,0.4421,0.6882,7.6759
/media/users/leo/workspace/UIE/datasets/UIDEF_S/Distorted_Color_Bluish_00114_Img.jpg,FUSION2,0.4448,1.1839,7.6902
/media/users/leo/workspace/UIE/datasets/UIDEF_S/Dim_Scene_00754_Img.jpg,FUSION2,0.433,0.9222,7.7645
/media/users/leo/workspace/UIE/datasets/UIDEF_S/Different_View_Forward_00897_Img.jpg,FUSION2,0.4334,0.3959,7.7635
/media/users/leo/workspace/UIE/datasets/UIDEF_S/Different_View_Upward_00209_Img.jpg,FUSION2,0.4326,0.6142,7.5047
/media/users/leo/workspace/UIE/datasets/UIDEF_S/Low_Contrast_00015_Img.jpg,FUSION2,0.4577,0.7294,7.8905
/media/users/leo/workspace/UIE/datasets/UIDEF_S/Turbid_Scene_01014_Img.jpg,FUSION2,0.4304,1.1255,7.7172
/media/users/leo/workspace/UIE/datasets/UIDEF_S/Low_Contrast_00442_Img.jpg,FUSION2,0.4398,1.0622,7.4323
/media/users/leo/workspace/UIE/datasets/UIDEF_S/Low_Contrast_01161_Img.jpg,FUSION2,0.477,0.5474,7.5477
/media/users/leo/workspace/UIE/datasets/UIDEF_S/Blur_Perception_00254_Img.jpg,FUSION2,0.4415,1.0896,7.8361
/media/users/leo/workspace/UIE/datasets/UIDEF_S/Dim_Scene_00275_Img.jpg,FUSION2,0.4554,1.2558,7.905
/media/users/leo/workspace/UIE/datasets/UIDEF_S/Turbid_Scene_01046_Img.jpg,FUSION2,0.4349,1.1186,7.6849
/media/users/leo/workspace/UIE/datasets/UIDEF_S/Turbid_Scene_01097_Img.jpg,FUSION2,0.4312,1.0777,7.6907
/media/users/leo/workspace/UIE/datasets/UIDEF_S/Low_Contrast_00249_Img.jpg,FUSION2,0.4398,1.1562,7.8586
/media/users/leo/workspace/UIE/datasets/UIDEF_S/Dim_Scene_00646_Img.jpg,FUSION2,0.4365,1.1411,7.8776
/media/users/leo/workspace/UIE/datasets/UIDEF_S/Distorted_Color_Greenish_00896_Img.jpg,FUSION2,0.4029,1.5268,7.7971
/media/users/leo/workspace/UIE/datasets/UIDEF_S/Low_Contrast_00136_Img.jpg,FUSION2,0.4375,1.5631,7.8547
/media/users/leo/workspace/UIE/datasets/UIDEF_S/Distorted_Color_Bluish_01042_Img.jpg,FUSION2,0.3814,0.3118,6.985
/media/users/leo/workspace/UIE/datasets/UIDEF_S/Dim_Scene_00790_Img.jpg,FUSION2,0.4336,0.9159,7.8013
/media/users/leo/workspace/UIE/datasets/UIDEF_S/Distorted_Color_Yellowish_00477_Img.jpg,FUSION2,0.4379,1.1641,7.865
/media/users/leo/workspace/UIE/datasets/UIDEF_S/Low_Contrast_00658_Img.jpg,FUSION2,0.4367,1.654,7.9044
/media/users/leo/workspace/UIE/datasets/UIDEF_S/Low_Contrast_00089_Img.jpg,FUSION2,0.4525,1.3988,7.9172
/media/users/leo/workspace/UIE/datasets/UIDEF_S/Uneven-brightness_Scene_00381_Img.jpg,FUSION2,0.4356,0.4316,7.5737
/media/users/leo/workspace/UIE/datasets/UIDEF_S/Different_View_Forward_00987_Img.jpg,FUSION2,0.4399,0.5848,7.8147
/media/users/leo/workspace/UIE/datasets/UIDEF_S/Different_View_Forward_00503_Img.jpg,FUSION2,0.4003,0.6362,7.4103
/media/users/leo/workspace/UIE/datasets/UIDEF_S/Low_Contrast_00376_Img.jpg,FUSION2,0.4202,1.369,7.8785
/media/users/leo/workspace/UIE/datasets/UIDEF_S/Low_Contrast_00725_Img.jpg,FUSION2,0.4408,1.5169,7.9098
/media/users/leo/workspace/UIE/datasets/UIDEF_S/Low_Contrast_00164_Img.jpg,FUSION2,0.4278,1.2831,7.8051
/media/users/leo/workspace/UIE/datasets/UIDEF_S/Turbid_Scene_00714_Img.jpg,FUSION2,0.4472,1.3122,7.7528
/media/users/leo/workspace/UIE/datasets/UIDEF_S/Blur_Perception_00003_Img.jpg,FUSION2,0.4421,1.2684,7.8738
/media/users/leo/workspace/UIE/datasets/UIDEF_S/Different_View_Forward_00940_Img.jpg,FUSION2,0.4114,0.2886,7.5804
/media/users/leo/workspace/UIE/datasets/UIDEF_S/Turbid_Scene_00735_Img.jpg,FUSION2,0.417,1.2684,7.7708
/media/users/leo/workspace/UIE/datasets/UIDEF_S/Dim_Scene_00305_Img.jpg,FUSION2,0.4404,1.1856,7.8538
/media/users/leo/workspace/UIE/datasets/UIDEF_S/Blur_Perception_00189_Img.jpg,FUSION2,0.4332,1.0395,7.8416
/media/users/leo/workspace/UIE/datasets/UIDEF_S/Different_View_Downward_00610_Img.jpg,FUSION2,0.4482,1.4565,7.8837
/media/users/leo/workspace/UIE/datasets/UIDEF_S/Distorted_Color_Greenish_00257_Img.jpg,FUSION2,0.4494,1.2761,7.7775
/media/users/leo/workspace/UIE/datasets/UIDEF_S/Distorted_Color_Greenish_00833_Img.jpg,FUSION2,0.3953,1.1076,7.5358
/media/users/leo/workspace/UIE/datasets/UIDEF_S/Turbid_Scene_00688_Img.jpg,FUSION2,0.4462,1.1392,7.7196
/media/users/leo/workspace/UIE/datasets/UIDEF_S/Distorted_Color_Bluish_00510_Img.jpg,FUSION2,0.452,1.469,7.8886
/media/users/leo/workspace/UIE/datasets/UIDEF_S/Blur_Perception_00117_Img.jpg,FUSION2,0.4559,1.2392,7.872
/media/users/leo/workspace/UIE/datasets/UIDEF_S/Different_View_Forward_00813_Img.jpg,FUSION2,0.4225,0.5614,7.7614
/media/users/leo/workspace/UIE/datasets/UIDEF_S/Uneven-brightness_Scene_00125_Img.jpg,FUSION2,0.4295,0.5445,7.7575
/media/users/leo/workspace/UIE/datasets/UIDEF_S/Low_Contrast_00208_Img.jpg,FUSION2,0.4253,1.0493,7.8101
/media/users/leo/workspace/UIE/datasets/UIDEF_S/Turbid_Scene_00846_Img.jpg,FUSION2,0.4278,1.3355,7.7927
/media/users/leo/workspace/UIE/datasets/UIDEF_S/Low_Contrast_00790_Img.jpg,FUSION2,0.436,1.471,7.8869
/media/users/leo/workspace/UIE/datasets/UIDEF_S/Different_View_Forward_00730_Img.jpg,FUSION2,0.3775,0.6248,7.0387
/media/users/leo/workspace/UIE/datasets/UIDEF_S/Different_View_Downward_00028_Img.jpg,FUSION2,0.443,1.9481,7.9215
/media/users/leo/workspace/UIE/datasets/UIDEF_S/Turbid_Scene_01158_Img.jpg,FUSION2,0.4552,0.853,7.7668
/media/users/leo/workspace/UIE/datasets/UIDEF_S/Uneven-brightness_Scene_00269_Img.jpg,FUSION2,0.4321,0.5755,7.7746
/media/users/leo/workspace/UIE/datasets/UIDEF_S/Dim_Scene_00244_Img.jpg,FUSION2,0.449,1.0938,7.7882
/media/users/leo/workspace/UIE/datasets/UIDEF_S/Low_Contrast_00885_Img.jpg,FUSION2,0.4502,1.4398,7.8975
/media/users/leo/workspace/UIE/datasets/UIDEF_S/Low_Contrast_00043_Img.jpg,FUSION2,0.43,1.0524,7.7581
/media/users/leo/workspace/UIE/datasets/UIDEF_S/Distorted_Color_Yellowish_00029_Img.jpg,FUSION2,0.4439,1.3566,7.8818
/media/users/leo/workspace/UIE/datasets/UIDEF_S/Different_View_Downward_00545_Img.jpg,FUSION2,0.4458,1.582,7.9224
/media/users/leo/workspace/UIE/datasets/UIDEF_S/Blur_Perception_00087_Img.jpg,FUSION2,0.4393,1.2895,7.892
/media/users/leo/workspace/UIE/datasets/UIDEF_S/Different_View_Downward_00677_Img.jpg,FUSION2,0.4402,1.8807,7.9324
/media/users/leo/workspace/UIE/datasets/UIDEF_S/Different_View_Forward_00140_Img.jpg,FUSION2,0.4624,1.1893,7.8042
/media/users/leo/workspace/UIE/datasets/UIDEF_S/Turbid_Scene_01119_Img.jpg,FUSION2,0.4555,0.8371,7.7382
/media/users/leo/workspace/UIE/datasets/UIDEF_S/Different_View_Forward_00532_Img.jpg,FUSION2,0.421,1.0035,7.753
/media/users/leo/workspace/UIE/datasets/UIDEF_S/Dim_Scene_00849_Img.jpg,FUSION2,0.4366,1.1835,7.8599
/media/users/leo/workspace/UIE/datasets/UIDEF_S/Low_Contrast_01037_Img.jpg,FUSION2,0.4352,0.926,7.796
/media/users/leo/workspace/UIE/datasets/UIDEF_S/Distorted_Color_Greenish_00052_Img.jpg,FUSION2,0.4517,1.3212,7.705
/media/users/leo/workspace/UIE/datasets/UIDEF_S/Turbid_Scene_01218_Img.jpg,FUSION2,0.4381,0.6816,7.8725
/media/users/leo/workspace/UIE/datasets/UIDEF_S/Distorted_Color_Greenish_00150_Img.jpg,FUSION2,0.4417,1.8105,7.9503
/media/users/leo/workspace/UIE/datasets/UIDEF_S/Blur_Perception_00220_Img.jpg,FUSION2,0.442,1.3801,7.926
/media/users/leo/workspace/UIE/datasets/UIDEF_S/Low_Contrast_00496_Img.jpg,FUSION2,0.4471,1.2249,7.8121
/media/users/leo/workspace/UIE/datasets/UIDEF_S/Turbid_Scene_00866_Img.jpg,FUSION2,0.4145,1.2599,7.72
/media/users/leo/workspace/UIE/datasets/UIDEF_S/Dim_Scene_00833_Img.jpg,FUSION2,0.4383,1.363,7.8405
/media/users/leo/workspace/UIE/datasets/UIDEF_S/Different_View_Forward_00358_Img.jpg,FUSION2,0.4528,1.2775,7.766
/media/users/leo/workspace/UIE/datasets/UIDEF_S/Dim_Scene_00676_Img.jpg,FUSION2,0.445,1.0253,7.756
/media/users/leo/workspace/UIE/datasets/UIDEF_S/Dim_Scene_01029_Img.jpg,FUSION2,0.4593,1.103,7.6076
/media/users/leo/workspace/UIE/datasets/UIDEF_S/Uneven-brightness_Scene_00341_Img.jpg,FUSION2,0.442,0.4955,7.6098
/media/users/leo/workspace/UIE/datasets/UIDEF_S/Dim_Scene_00184_Img.jpg,FUSION2,0.427,1.1693,7.7297
/media/users/leo/workspace/UIE/datasets/UIDEF_S/Turbid_Scene_00906_Img.jpg,FUSION2,0.4334,1.2056,7.8221
/media/users/leo/workspace/UIE/datasets/UIDEF_S/Low_Contrast_00821_Img.jpg,FUSION2,0.4438,1.3519,7.8616
/media/users/leo/workspace/UIE/datasets/UIDEF_S/Dim_Scene_00785_Img.jpg,FUSION2,0.4344,0.9424,7.8428
/media/users/leo/workspace/UIE/datasets/UIDEF_S/Dim_Scene_00593_Img.jpg,FUSION2,0.4394,1.2712,7.853
/media/users/leo/workspace/UIE/datasets/UIDEF_S/Different_View_Upward_00079_Img.jpg,FUSION2,0.4164,0.772,7.546
/media/users/leo/workspace/UIE/datasets/UIDEF_S/Distorted_Color_Yellowish_00354_Img.jpg,FUSION2,0.4347,2.0591,7.9477
/media/users/leo/workspace/UIE/datasets/UIDEF_S/Dim_Scene_01004_Img.jpg,FUSION2,0.4183,1.1066,7.7586
/media/users/leo/workspace/UIE/datasets/UIDEF_S/Different_View_Forward_00273_Img.jpg,FUSION2,0.451,1.153,7.6833
/media/users/leo/workspace/UIE/datasets/UIDEF_S/Distorted_Color_Bluish_00246_Img.jpg,FUSION2,0.4458,1.0157,7.5745
/media/users/leo/workspace/UIE/datasets/UIDEF_S/Turbid_Scene_01190_Img.jpg,FUSION2,0.4386,1.016,7.8185
/media/users/leo/workspace/UIE/datasets/UIDEF_S/Low_Contrast_01108_Img.jpg,FUSION2,0.3971,0.2896,7.3399
/media/users/leo/workspace/UIE/datasets/UIDEF_S/Dim_Scene_00868_Img.jpg,FUSION2,0.4289,1.3534,7.8174
/media/users/leo/workspace/UIE/datasets/UIDEF_S/Turbid_Scene_00999_Img.jpg,FUSION2,0.43,1.2215,7.7405
/media/users/leo/workspace/UIE/datasets/UIDEF_S/Turbid_Scene_00546_Img.jpg,FUSION2,0.4495,1.0681,7.8677
/media/users/leo/workspace/UIE/datasets/UIDEF_S/Different_View_Downward_00352_Img.jpg,FUSION2,0.4358,1.4955,7.9061
/media/users/leo/workspace/UIE/datasets/UIDEF_S/Dim_Scene_01014_Img.jpg,FUSION2,0.4533,1.1223,7.6137
/media/users/leo/workspace/UIE/datasets/UIDEF_S/Different_View_Forward_00016_Img.jpg,FUSION2,0.466,1.1292,7.8581
/media/users/leo/workspace/UIE/datasets/UIDEF_S/Uneven-brightness_Scene_00197_Img.jpg,FUSION2,0.4311,0.4443,7.8018
/media/users/leo/workspace/UIE/datasets/UIDEF_S/Low_Contrast_00929_Img.jpg,FUSION2,0.4408,1.4657,7.9045
/media/users/leo/workspace/UIE/datasets/UIDEF_S/Blur_Perception_00148_Img.jpg,FUSION2,0.4397,1.1608,7.9056
/media/users/leo/workspace/UIE/datasets/UIDEF_S/Distorted_Color_Greenish_00414_Img.jpg,FUSION2,0.4506,1.2317,7.928
/media/users/leo/workspace/UIE/datasets/UIDEF_S/Dim_Scene_00615_Img.jpg,FUSION2,0.4431,1.0612,7.794
/media/users/leo/workspace/UIE/datasets/UIDEF_S/Blur_Perception_00042_Img.jpg,FUSION2,0.442,1.228,7.8432
/media/users/leo/workspace/UIE/datasets/UIDEF_S/Dim_Scene_00225_Img.jpg,FUSION2,0.4521,1.2253,7.8331
/media/users/leo/workspace/UIE/datasets/UIDEF_S/Uneven-brightness_Scene_00309_Img.jpg,FUSION2,0.4293,0.6407,7.7532
/media/users/leo/workspace/UIE/datasets/UIDEF_S/Distorted_Color_Greenish_00728_Img.jpg,FUSION2,0.444,1.6045,7.9288
/media/users/leo/workspace/UIE/datasets/UIDEF_S/Dim_Scene_00066_Img.jpg,FUSION2,0.4421,1.1642,7.7813
/media/users/leo/workspace/UIE/datasets/UIDEF_S/Different_View_Downward_00259_Img.jpg,FUSION2,0.4336,1.0656,7.7829
/media/users/leo/workspace/UIE/datasets/UIDEF_S/Dim_Scene_00694_Img.jpg,FUSION2,0.4358,0.938,7.8112
/media/users/leo/workspace/UIE/datasets/UIDEF_S/Dim_Scene_00442_Img.jpg,FUSION2,0.41,1.1809,7.6249
/media/users/leo/workspace/UIE/datasets/UIDEF_S/Low_Contrast_00592_Img.jpg,FUSION2,0.4188,1.4039,7.8333
/media/users/leo/workspace/UIE/datasets/UIDEF_S/Different_View_Upward_00016_Img.jpg,FUSION2,0.4176,0.8127,7.654
/media/users/leo/workspace/UIE/datasets/UIDEF_S/Dim_Scene_00165_Img.jpg,FUSION2,0.4301,1.1623,7.7521
/media/users/leo/workspace/UIE/datasets/UIDEF_S/Different_View_Forward_00197_Img.jpg,FUSION2,0.4448,1.3621,7.7086
/media/users/leo/workspace/UIE/datasets/UIDEF_S/Low_Contrast_00292_Img.jpg,FUSION2,0.4449,1.3858,7.8906
/media/users/leo/workspace/UIE/datasets/UIDEF_S/Low_Contrast_01077_Img.jpg,FUSION2,0.4463,0.5994,7.6797
/media/users/leo/workspace/UIE/datasets/UIDEF_S/Uneven-brightness_Scene_00236_Img.jpg,FUSION2,0.4259,0.567,7.7735
/media/users/leo/workspace/UIE/datasets/UIDEF_S/Distorted_Color_Yellowish_00495_Img.jpg,FUSION2,0.4478,1.1961,7.9024
/media/users/leo/workspace/UIE/datasets/UIDEF_S/Different_View_Upward_00164_Img.jpg,FUSION2,0.4338,0.303,7.5555
